EMPLOYER_CANONICAL,total_filings,mba_relevant_filings,certified,external_hire_share,median_company_payroll,mba_share
"BDO USA, P.C. (FKA BDO USA, LLP)",47,47,1.0,0.0,282.0,1.0
EVERCORE PARTNERS SERVICES EAST LLC,34,34,1.0,0.029411764705882353,1285.0,1.0
SQUAREPOINT SERVICES US LLC,26,26,1.0,0.038461538461538464,214.0,1.0
"BDO USA, P.C.",21,21,1.0,0.047619047619047616,289.0,1.0
Macias Gini & O'Connell LLP,17,17,1.0,0.0,54.0,1.0
The Siegfried Group LLP,15,15,1.0,0.06666666666666667,226.0,1.0
Spike Inc.,14,14,1.0,0.35714285714285715,32.0,1.0
"Bayview Asset Management, LLC",13,13,0.9230769230769231,0.0,214.0,1.0
Funaro & Co. PC,13,13,0.8461538461538461,0.0,100.0,1.0
"Mediterranean Shipping Company (USA), Inc.",13,13,1.0,0.0,172.0,1.0
"BAKER TILLY ADVISORY GROUP, LP",12,12,1.0,0.0,352.0,1.0
"BDO USA, P.C. (FKA BDO USA, P.A. FKA BDO USA, LLP)",12,12,0.9166666666666666,0.0,394.0,1.0
Frankford Capital Inc.,12,12,0.0,1.0,35.0,1.0
"Gardiner & Theobald, Inc.",12,12,1.0,0.0,163.0,1.0
PARK WEST GALLERY,12,12,1.0,1.0,100.0,1.0
"CKP, LLP",11,11,1.0,0.2727272727272727,48.0,1.0
"Houlihan Lokey, Inc. ",11,11,1.0,0.0,582.0,1.0
"Matos Business Advisors, LLC",11,11,1.0,0.45454545454545453,13.0,1.0
PwC US Business Advisory LLP,11,11,0.8181818181818182,0.09090909090909091,2305.0,1.0
"BAIN & COMPANY DC, LLC",9,9,1.0,0.0,324.0,1.0
Marcum LLP,9,9,1.0,0.1111111111111111,4000.0,1.0
Palenque Management LLC,9,9,0.8888888888888888,0.3333333333333333,16.0,1.0
Roland Berger LP,9,9,1.0,0.0,113.0,1.0
"ALVAREZ & MARSAL CONSUMER AND RETAIL GROUP, LLC",8,8,1.0,0.0,872.0,1.0
"Deerwalk, Inc.",8,8,1.0,0.0,64.0,1.0
Gilbane Building Company,8,8,1.0,0.25,155.0,1.0
Gruma Corporation,8,8,0.75,0.0,348.0,1.0
Intellipro Group Inc,8,8,1.0,0.25,338.5,1.0
KLICHS LLP,8,8,1.0,0.25,5.0,1.0
"Kroll, LLC",8,8,1.0,0.0,225.0,1.0
Moelis & Company Group LP,8,8,1.0,0.0,597.0,1.0
"SCOTIA CAPITAL (USA), INC.",8,8,1.0,0.0,494.0,1.0
Triangle Accounting Inc.,8,8,1.0,0.875,25.0,1.0
World Joint Corp.,8,8,0.875,0.25,26.0,1.0
"Alvarez & Marsal Tax, LLC ",7,7,1.0,0.0,872.0,1.0
"Ferrovial Construction East, LLC",7,7,1.0,1.0,20.0,1.0
"Korens USA, Inc.",7,7,1.0,0.0,44.0,1.0
Sensiba LLP,7,7,1.0,0.0,57.0,1.0
Studio Gang Architects,7,7,1.0,0.0,75.0,1.0
"Systech Solutions, Inc.",7,7,1.0,0.0,38.0,1.0
"Alvarez & Marsal Private Equity Performance Improvement Group, LLC",6,6,1.0,0.0,610.0,1.0
"CEMEX, Inc.",6,6,1.0,0.0,9158.0,1.0
"Currie & Brown, Inc.",6,6,1.0,0.16666666666666666,280.5,1.0
"DWS INVESTMENT MANAGEMENT AMERICAS, INC.",6,6,1.0,0.0,252.0,1.0
Ernst & Young LLP (EY GUAM),6,6,1.0,0.3333333333333333,94.0,1.0
"G.C. Consultants, Inc.",6,6,1.0,0.6666666666666666,26.5,1.0
IM PRO MAKEUP NY LP,6,6,1.0,0.0,143.0,1.0
Kohlberg Kravis Roberts & Co. L.P.,6,6,1.0,0.0,926.0,1.0
L.E.K. Consulting LLC,6,6,1.0,0.0,992.0,1.0
"Morgan Stanley Bank, N.A.",6,6,1.0,0.0,17823.0,1.0
"Oak Hill Advisors, L.P.",6,6,1.0,0.0,288.0,1.0
Rising Pharma Holdings Inc,6,6,1.0,0.0,216.0,1.0
SHIPCO TRANSPORT INC.,6,6,1.0,0.0,87.0,1.0
SingerLewak LLP,6,6,1.0,0.0,48.0,1.0
TechIntelli Solutions Inc.,6,6,1.0,0.0,16.0,1.0
"Ally Financial, Inc.",5,5,1.0,0.0,177.0,1.0
"CPPIB America, Inc.",5,5,1.0,0.0,103.0,1.0
"Cerberus Capital Management, L.P.",5,5,1.0,0.0,483.0,1.0
Chan & Chen LLP,5,5,1.0,0.0,32.0,1.0
Coforge DPA NA Inc.,5,5,1.0,0.0,49.0,1.0
EAC Funding Inc,5,5,0.4,1.0,4.0,1.0
Eastland Food Corporation,5,5,1.0,0.0,138.0,1.0
"Eataly USA, LLC",5,5,1.0,0.0,138.0,1.0
Ecolab USA Inc.,5,5,1.0,0.0,1508.0,1.0
"Effectus Group, LLC",5,5,1.0,0.0,142.0,1.0
FIVE RINGS LLC,5,5,1.0,0.0,168.0,1.0
GLENCORE LTD.,5,5,1.0,0.0,253.0,1.0
"Guggenheim Securities, LLC",5,5,1.0,0.0,722.0,1.0
HL Logistics America Corporation,5,5,1.0,0.0,103.0,1.0
Han Ah Reum Market Inc,5,5,1.0,1.0,112.0,1.0
"Hilti, Inc.",5,5,0.8,0.2,498.0,1.0
"Hyundai L&C USA, LLC",5,5,1.0,0.0,85.0,1.0
"Katana Racing, Inc.",5,5,1.0,1.0,51.0,1.0
Loomis Sayles & Company LP,5,5,1.0,0.0,513.0,1.0
MICHAEL A. PARRAN,5,5,0.0,0.0,15.0,1.0
Mattel Sales Corp.,5,5,1.0,0.0,1350.0,1.0
"MedStar Shah MSO, LLC",5,5,1.0,0.0,698.0,1.0
Moss Adams LLP,5,5,1.0,0.0,219.0,1.0
ODS Technologies LP,5,5,1.0,0.0,300.0,1.0
"Oliver Wyman, LLC",5,5,1.0,0.0,754.0,1.0
PJT Partners Holdings LP,5,5,0.8,0.0,1012.0,1.0
PRIMARK U.S. CORP.,5,5,1.0,0.0,3700.0,1.0
Paxel Consulting LLC,5,5,1.0,0.4,34.0,1.0
"Revantage Corporate Services, LLC",5,5,1.0,0.0,333.0,1.0
Rodl Langford de Kock LLP,5,5,1.0,1.0,49.0,1.0
Rothschild & Co US Inc.,5,5,1.0,0.2,400.0,1.0
"S&B INDUSTRY, INC.",5,5,1.0,0.0,80.0,1.0
"Skanska USA Building, Inc.",5,5,1.0,0.0,102.0,1.0
"St. Jude Medical Business Services, Inc.",5,5,1.0,0.0,456.0,1.0
"Suffolk Construction Company, Inc. ",5,5,1.0,0.0,83.0,1.0
TBWA Worldwide Inc.,5,5,1.0,0.0,315.0,1.0
Templafy Inc.,5,5,1.0,0.2,51.0,1.0
Third Point LLC,5,5,1.0,0.0,105.0,1.0
"UHY Advisors Northeast, Inc.",5,5,1.0,0.0,51.0,1.0
"Unicredit Bank AG, New York Branch",5,5,1.0,0.0,137.0,1.0
WATSONRICE LLP,5,5,1.0,0.0,38.0,1.0
"WESTLAKE SERVICES, LLC",5,5,1.0,0.0,956.0,1.0
"MANHATTAN ASSOCIATES, INC.",120,117,1.0,0.0,1558.0,0.975
Deloitte & Touche LLP,32,31,1.0,0.0,635.0,0.96875
PwC US Tax LLP,31,30,0.9354838709677419,0.0,9660.0,0.967741935483871
"A.T. Kearney, Inc.",27,26,1.0,0.037037037037037035,983.0,0.9629629629629629
Grant Thornton LLP,75,72,1.0,0.0,762.0,0.96
Bank of China,25,24,1.0,0.04,671.0,0.96
"IMC AMERICAS, INC.",24,23,1.0,0.0,213.0,0.9583333333333334
Trenmor LLC,21,20,1.0,0.047619047619047616,56.0,0.9523809523809523
"Turner & Townsend, Inc.",40,38,1.0,0.0,81.0,0.95
"BAIN & COMPANY, INC.",115,109,1.0,0.017391304347826087,893.0,0.9478260869565217
"Boston Consulting Group, Inc.",19,18,1.0,0.0,384.0,0.9473684210526315
"Cumming Management Group, Inc.",51,48,1.0,0.0,58.0,0.9411764705882353
M. A. Mortenson Company,15,14,1.0,0.0,2672.0,0.9333333333333333
THE BANK OF NOVA SCOTIA,27,25,1.0,0.0,909.0,0.9259259259259259
"Asta CRS, Inc.",13,12,1.0,0.0,164.0,0.9230769230769231
"Cubist Systematic Strategies, LLC",24,22,1.0,0.0,242.0,0.9166666666666666
UBS Securities LLC,23,21,1.0,0.0,1409.0,0.9130434782608695
BRIDGE INVESTMENT GROUP LLC,11,10,1.0,0.0,355.0,0.9090909090909091
Genius Minds LLC,11,10,1.0,0.0,110.0,0.9090909090909091
"Point72 Asset Management, L.P.",20,18,1.0,0.0,435.0,0.9
BMO Capital Markets Corp.,10,9,1.0,0.0,893.0,0.9
Betfair Interactive US LLC,10,9,1.0,0.0,371.5,0.9
CGG Services (U.S.) Inc. ,10,9,1.0,0.0,397.0,0.9
Mizuho Securities USA LLC ,10,9,1.0,0.0,909.0,0.9
Morgan Stanley Investment Management Inc.,10,9,1.0,0.0,17824.5,0.9
TD Securities (USA) LLC,19,17,1.0,0.0,1336.0,0.8947368421052632
FTI LLC,18,16,1.0,0.0,169.5,0.8888888888888888
"Centiva Capital, LP",9,8,1.0,0.0,220.0,0.8888888888888888
"Crowe, LLP",9,8,1.0,0.0,363.0,0.8888888888888888
"FNS, INC.",9,8,1.0,0.1111111111111111,205.0,0.8888888888888888
"Faurecia Emissions Control Technologies, USA, LLC",9,8,1.0,0.0,1803.0,0.8888888888888888
"Logistics Plus, Inc.",9,8,1.0,0.1111111111111111,235.0,0.8888888888888888
"PCL Construction Services, Inc.",9,8,1.0,0.0,63.0,0.8888888888888888
Verition Group LLC,9,8,1.0,0.0,54.0,0.8888888888888888
"Wood Mackenzie, Inc.",9,8,1.0,0.1111111111111111,217.0,0.8888888888888888
"THE BOSTON CONSULTING GROUP, INC. ",396,351,1.0,0.0,634.0,0.8863636363636364
"ZS Associates, Inc.",130,115,0.9923076923076923,0.0,439.0,0.8846153846153846
"Deutsche Bank Securities, Inc.",26,23,1.0,0.0,1209.0,0.8846153846153846
"Apollo Management Holdings, L.P.",17,15,1.0,0.0,1263.0,0.8823529411764706
"AlixPartners, LLP",56,49,1.0,0.0,515.0,0.875
ASE (U.S.) Inc. ,8,7,1.0,0.0,150.0,0.875
Clariant Corporation,8,7,1.0,0.0,104.5,0.875
Morgan Stanley Fund Services Inc.,8,7,1.0,0.0,18099.0,0.875
Turing Enterprises Inc,8,7,1.0,0.0,33.0,0.875
Deloitte Tax LLP,175,152,1.0,0.0,365.0,0.8685714285714285
Standard Chartered Bank,15,13,1.0,0.0,652.0,0.8666666666666667
"Sunrise Futures, LLC",15,13,1.0,0.0,88.0,0.8666666666666667
FactSet Research Systems Inc.,37,32,0.9459459459459459,0.0,693.0,0.8648648648648649
Morgan Stanley & Co. LLC,77,66,0.987012987012987,0.0,17823.0,0.8571428571428571
"Prime Healthcare Management, Inc.",14,12,1.0,0.0,1596.0,0.8571428571428571
"Saama Technologies, LLC",14,12,1.0,0.0,172.0,0.8571428571428571
Absolics Inc.,7,6,1.0,0.0,85.0,0.8571428571428571
COWAY USA INC,7,6,1.0,0.0,526.0,0.8571428571428571
"Dentsply Sirona, Inc.",7,6,0.8571428571428571,0.0,235.0,0.8571428571428571
Enerflex Energy Systems Inc.,7,6,1.0,0.14285714285714285,970.0,0.8571428571428571
EssenceMediaCom LLC ,7,6,0.8571428571428571,0.0,86.0,0.8571428571428571
"Faurecia Automotive Seating, LLC",7,6,1.0,0.14285714285714285,1251.0,0.8571428571428571
"INTUITIVE SURGICAL, INC.",7,6,1.0,0.0,2334.0,0.8571428571428571
"Nationstar Mortgage, LLC",7,6,1.0,0.0,755.0,0.8571428571428571
POSCO International America Corp.,7,6,1.0,0.0,109.0,0.8571428571428571
Penske Logistics LLC,7,6,0.8571428571428571,0.0,386.0,0.8571428571428571
Robert W. Baird & Co. Incorporated,7,6,1.0,0.0,1813.0,0.8571428571428571
"Sift Science, Inc.",7,6,0.8571428571428571,0.0,166.0,0.8571428571428571
"FREYR, INC.",13,11,1.0,0.0,106.0,0.8461538461538461
"GroupM Worldwide, LLC",13,11,1.0,0.0,3143.0,0.8461538461538461
"SMBC Capital Markets, Inc.",19,16,1.0,0.0,430.0,0.8421052631578947
Coforge Limited,43,36,0.9534883720930233,0.0,862.0,0.8372093023255814
Citigroup Global Markets Inc.,60,50,0.9833333333333333,0.0,4080.0,0.8333333333333334
"D. E. Shaw & Co., L.P.",18,15,1.0,0.05555555555555555,789.0,0.8333333333333334
"POSCO AAPC, LLC",18,15,1.0,0.0,73.0,0.8333333333333334
"Hanwha Advanced Materials America, LLC",12,10,1.0,0.0,380.0,0.8333333333333334
"IVY Enterprises, Inc.",12,10,0.9166666666666666,0.4166666666666667,235.0,0.8333333333333334
Kuehne + Nagel Inc.,12,10,1.0,0.0,202.5,0.8333333333333334
Tripalink Corp,12,10,1.0,0.25,165.0,0.8333333333333334
"ALLSTATE INT'L FREIGHT USA, INC.",6,5,1.0,0.3333333333333333,21.0,0.8333333333333334
Alibaba Cloud US LLC,6,5,1.0,0.0,88.0,0.8333333333333334
Brevan Howard US Investment Management LP,6,5,1.0,0.0,277.5,0.8333333333333334
Brightcove Inc.,6,5,1.0,0.0,300.0,0.8333333333333334
DIA Associates LLC,6,5,1.0,0.0,25.0,0.8333333333333334
"Equity Methods, LLC",6,5,1.0,0.0,81.0,0.8333333333333334
"Faurecia Emissions Control Systems, NA, LLC",6,5,1.0,0.16666666666666666,783.0,0.8333333333333334
Galaxy US Opco Inc.,6,5,1.0,0.0,651.0,0.8333333333333334
"H1 Insights, Inc.",6,5,1.0,0.0,75.0,0.8333333333333334
HighRadius Corporation,6,5,1.0,0.0,271.0,0.8333333333333334
Hisense USA Corporation,6,5,1.0,0.0,205.0,0.8333333333333334
"Job Creation, LLC.",6,5,1.0,0.0,90.0,0.8333333333333334
Natixis New York Branch,6,5,1.0,0.0,188.0,0.8333333333333334
Netease Information Technology Corporation,6,5,1.0,0.0,250.0,0.8333333333333334
Newmont International Services Limited,6,5,1.0,0.0,14600.0,0.8333333333333334
"Nortia Logistics, Inc.",6,5,1.0,0.16666666666666666,11.0,0.8333333333333334
Smurfit Kappa North America LLC,6,5,1.0,0.0,1500.0,0.8333333333333334
"Universal McCann Worldwide, Inc.",6,5,1.0,0.0,825.0,0.8333333333333334
"BlackRock Institutional Trust Company, N.A.",11,9,1.0,0.0,330.0,0.8181818181818182
Brookfield Asset Management LLC,11,9,1.0,0.0,801.0,0.8181818181818182
"Intel Americas, Inc.",11,9,1.0,0.0,366.0,0.8181818181818182
"Oliver Wyman, LLC (fka Oliver Wyman, Inc.)",11,9,1.0,0.0,749.0,0.8181818181818182
"Svanaco, Inc",11,9,1.0,0.0,500.0,0.8181818181818182
"Weaver and Tidwell, L.L.P.",11,9,0.9090909090909091,0.0,1177.0,0.8181818181818182
"DPR Construction, A General Partnership",35,28,1.0,0.0,628.0,0.8
"Coastal Construction of South Florida, Inc.",10,8,1.0,0.0,410.0,0.8
"Guyoung Tech USA, Inc.",10,8,1.0,0.0,263.0,0.8
"OM Partners USA, Inc.",10,8,1.0,0.0,201.0,0.8
TripAdvisor LLC,10,8,1.0,0.0,420.0,0.8
Barclays Capital Inc. ,44,35,1.0,0.0,2517.0,0.7954545454545454
"SG Americas Securities, LLC",29,23,1.0,0.0,790.0,0.7931034482758621
JT Magen & Co. Inc.,14,11,1.0,0.21428571428571427,412.5,0.7857142857142857
Lazard Freres & Co. LLC,14,11,1.0,0.0,853.0,0.7857142857142857
Progressive Solutions LLC,23,18,1.0,1.0,13.0,0.782608695652174
PricewaterhouseCoopers LLP,171,133,0.8654970760233918,0.011695906432748537,12875.0,0.7777777777777778
CSL Behring L.L.C.,18,14,1.0,0.0,8495.0,0.7777777777777778
"Atosa USA, Inc.",9,7,1.0,0.0,32.0,0.7777777777777778
"BlackRock Investment Management, LLC",9,7,1.0,0.0,303.0,0.7777777777777778
"HSBC Bank USA, N.A",9,7,1.0,0.0,129.0,0.7777777777777778
"INDEGENE, INC",9,7,1.0,0.0,370.0,0.7777777777777778
Sumitomo Mitsui Banking Corporation,53,41,1.0,0.0,2940.0,0.7735849056603774
"JACOB EMRANI, A PROFESSIONAL CORPORATION",13,10,1.0,0.7692307692307693,51.0,0.7692307692307693
"UBS Financial Services, Inc.",13,10,0.9230769230769231,0.0,1359.0,0.7692307692307693
BNP Paribas,28,21,0.9285714285714286,0.0,4111.0,0.75
ESSINGTON HOSPITALITY LLC,16,12,0.9375,1.0,5.0,0.75
TSMC North America,16,12,1.0,0.0,327.0,0.75
"AQR Capital Management, LLC",12,9,1.0,0.0,387.0,0.75
CAL ROYAL PRODUCTS INC.,12,9,1.0,0.5833333333333334,52.0,0.75
Natixis North America LLC,12,9,1.0,0.08333333333333333,711.0,0.75
"Nomura Securities International, Inc.",12,9,0.9166666666666666,0.0,704.0,0.75
"COLUMBIA MANAGEMENT INVESTMENT ADVISERS, LLC",8,6,1.0,0.0,387.0,0.75
Crown Equipment Corporation,8,6,0.875,0.0,5505.0,0.75
"ENTAGILE, LLC",8,6,1.0,0.0,30.0,0.75
Genzyme Corporation,8,6,0.875,0.0,1567.0,0.75
"SCI Shared Resources, LLC",8,6,1.0,0.0,1607.0,0.75
Wunderman Thompson LLC,8,6,1.0,0.0,177.0,0.75
"BOFA SECURITIES, INC.",87,65,1.0,0.0,4389.0,0.7471264367816092
"MCKINSEY & COMPANY, INC. UNITED STATES",622,459,1.0,0.001607717041800643,973.0,0.7379421221864951
"Seoyon E-Hwa Manufacturing Auburn, Inc. (Formerly known as Kwangsung America Corporation)",19,14,1.0,0.10526315789473684,234.0,0.7368421052631579
Alibaba Group (U.S.) Inc.,11,8,1.0,0.0,46.0,0.7272727272727273
DKS STEEL DOOR & FRAME SYSTEMS INC.,11,8,1.0,0.5454545454545454,41.0,0.7272727272727273
"ExodusPoint Capital Management, LP",11,8,1.0,0.0,266.0,0.7272727272727273
Inpatient Progressive Health of America PLLC,11,8,1.0,1.0,25.0,0.7272727272727273
Iyaho Social Services Of New Jersey Inc.,11,8,1.0,0.8181818181818182,23.0,0.7272727272727273
"Medallia, Inc.",11,8,1.0,0.0,1211.0,0.7272727272727273
Fuyao Glass America Inc.,25,18,1.0,0.04,1548.0,0.72
"BRIDGEWATER ASSOCIATES, LP",14,10,1.0,0.0,1253.0,0.7142857142857143
Neuberger Berman Group LLC,14,10,1.0,0.0,1554.0,0.7142857142857143
"ARCO/Murray National Construction Company, LLC",7,5,1.0,0.14285714285714285,149.0,0.7142857142857143
Boston Medical Center Corporation,7,5,1.0,0.0,7000.0,0.7142857142857143
CMTH DEVELOPMENT INC.,7,5,0.42857142857142855,1.0,3.0,0.7142857142857143
ChampionX Resources Inc. ,7,5,1.0,0.0,187.0,0.7142857142857143
"Chen Tech, LLC",7,5,1.0,0.0,127.0,0.7142857142857143
"Conn Appliances, Inc.",7,5,1.0,0.0,213.0,0.7142857142857143
"Crunchyroll, LLC",7,5,1.0,0.0,228.0,0.7142857142857143
DEPOSCO INC.,7,5,1.0,0.0,225.0,0.7142857142857143
"Gestamp Alabama, LLC",7,5,1.0,0.14285714285714285,3800.0,0.7142857142857143
Klarna Inc.,7,5,1.0,0.0,149.0,0.7142857142857143
"OHLA USA, Inc. ",7,5,1.0,0.0,191.0,0.7142857142857143
"Smart Energy Systems, Inc. ",7,5,0.7142857142857143,0.0,111.0,0.7142857142857143
Sony Music Entertainment,7,5,1.0,0.0,1186.0,0.7142857142857143
"Sun Life Financial (U.S.) Services Company, Inc. ",7,5,1.0,0.0,1700.0,0.7142857142857143
"TM ACCOUNTANT, INC.",7,5,1.0,0.2857142857142857,3.0,0.7142857142857143
"The Flight School of Gwinnett, Inc.",7,5,1.0,0.8571428571428571,12.0,0.7142857142857143
"UMA Education, Inc.",7,5,1.0,0.0,536.0,0.7142857142857143
Wilshire Advisors LLC,7,5,1.0,0.0,112.0,0.7142857142857143
Barclays Bank Delaware,10,7,1.0,0.0,753.0,0.7
"FedEx Freight, Inc.",10,7,1.0,0.0,516.0,0.7
"Genentech USA, Inc.",10,7,0.9,0.0,2872.0,0.7
"JFrog, Inc. ",10,7,1.0,0.0,376.0,0.7
NIKE RETAIL SERVICES INC,10,7,1.0,0.0,1470.0,0.7
RSM US LLP,43,30,1.0,0.023255813953488372,238.0,0.6976744186046512
"Banco Santander, S.A.",13,9,0.9230769230769231,0.0,573.0,0.6923076923076923
East West Bank,13,9,1.0,0.0,595.0,0.6923076923076923
Man Investments USA Holdings Inc,13,9,1.0,0.0,260.0,0.6923076923076923
CITADEL AMERICAS SERVICES LLC,129,89,1.0,0.031007751937984496,870.0,0.689922480620155
ABB Inc.,16,11,1.0,0.125,232.5,0.6875
"KMK CONSULTING, INC.",16,11,1.0,0.0,118.0,0.6875
Luxottica of America,16,11,1.0,0.0,27000.0,0.6875
Ernst & Young U.S. LLP,852,575,0.9953051643192489,0.005868544600938967,3145.0,0.6748826291079812
"Tavant Technologies, Inc.",36,24,0.9722222222222222,0.0,40.0,0.6666666666666666
  PwC US Consulting LLP,15,10,0.8666666666666667,0.0,2021.0,0.6666666666666666
" London Stock Exchange Group Holdings, Inc.",12,8,1.0,0.0,293.0,0.6666666666666666
"BBDOTQ USA, Inc.",12,8,1.0,0.08333333333333333,75.5,0.6666666666666666
"Hyosung HICO, Ltd.",12,8,1.0,0.0,390.0,0.6666666666666666
"Santander Holdings USA, Inc.",12,8,1.0,0.08333333333333333,226.0,0.6666666666666666
Santander US Capital Markets LLC,12,8,1.0,0.0,304.0,0.6666666666666666
"Solomon America, Inc.",12,8,1.0,0.0,39.0,0.6666666666666666
BTG Pactual US Capital LLC,9,6,1.0,0.1111111111111111,131.0,0.6666666666666666
Bankers Healthcare Group LLC,9,6,1.0,0.0,1194.0,0.6666666666666666
"Chowbus, Inc.",9,6,1.0,0.0,109.0,0.6666666666666666
Fender Musical Instruments Corporation,9,6,0.8888888888888888,0.0,1666.0,0.6666666666666666
ILJIN USA CORPORATION,9,6,1.0,0.0,168.0,0.6666666666666666
"ING Financial Services, LLC",9,6,1.0,0.0,578.0,0.6666666666666666
Jabil Inc.,9,6,1.0,0.0,1989.0,0.6666666666666666
Tekion Corp.,9,6,1.0,0.0,670.0,0.6666666666666666
Goldman Sachs & Co. LLC,556,370,0.9964028776978417,0.0,7450.0,0.6654676258992805
Virtu Financial Operating LLC,35,23,1.0,0.0,270.0,0.6571428571428571
Globant IT Services Corp.,26,17,1.0,0.0,35.0,0.6538461538461539
"Chegg, Inc. ",17,11,1.0,0.0,304.0,0.6470588235294118
"Clearwater Analytics, LLC",14,9,1.0,0.0,677.0,0.6428571428571429
ENEL NORTH AMERICA INC.,14,9,0.9285714285714286,0.0,295.0,0.6428571428571429
The Carlyle Group Employee Co. LLC,14,9,1.0,0.0,667.0,0.6428571428571429
Element Technologies Inc.,22,14,0.9090909090909091,0.045454545454545456,40.0,0.6363636363636364
"Avant, LLC",11,7,1.0,0.0,346.0,0.6363636363636364
Plymouth Rock Management Company of New Jersey,11,7,1.0,0.0,618.0,0.6363636363636364
"SCA, Inc.",11,7,0.9090909090909091,0.0,191.0,0.6363636363636364
Mondelez Global LLC,19,12,1.0,0.10526315789473684,730.0,0.631578947368421
American Express Company,46,29,1.0,0.0,818.0,0.6304347826086957
"CTC Trading Group, LLC",32,20,0.96875,0.0,532.0,0.625
PHILIPS NORTH AMERICA LLC,24,15,1.0,0.0,9114.0,0.625
"Faurecia Interior Systems, Inc.",8,5,1.0,0.0,1566.0,0.625
Federal Home Loan Bank Chicago,8,5,1.0,0.0,485.0,0.625
"Nasdaq, Inc. ",8,5,1.0,0.125,748.0,0.625
RNBW Holdings LLC,8,5,1.0,0.0,421.0,0.625
"Sandvik Mining and Construction USA, LLC",8,5,1.0,0.0,215.5,0.625
Sprinklr Inc.,8,5,1.0,0.0,79.0,0.625
"Zoro Tools, Inc.",8,5,1.0,0.0,633.5,0.625
KPMG LLP,158,98,1.0,0.0,1275.0,0.620253164556962
"Balyasny Asset Management, L.P.",42,26,1.0,0.0,668.0,0.6190476190476191
Tower Research Capital LLC,26,16,1.0,0.0,345.5,0.6153846153846154
"Daehan Solution Nevada, LLC",13,8,1.0,0.0,124.0,0.6153846153846154
HSBC Technology & Services (USA) Inc.,13,8,1.0,0.07692307692307693,1272.0,0.6153846153846154
"LX Hausys America, Inc.",13,8,1.0,0.0,550.0,0.6153846153846154
Webasto Roof Systems Inc.,13,8,1.0,0.0,2000.0,0.6153846153846154
"Sagitec Solutions, LLC",31,19,1.0,0.0,374.0,0.6129032258064516
"Fluor Enterprises, Inc.",18,11,0.8888888888888888,0.0,1049.5,0.6111111111111112
"Vivint, Inc. ",23,14,1.0,0.17391304347826086,6149.0,0.6086956521739131
Alstom Transportation Inc.,28,17,1.0,0.0,634.0,0.6071428571428571
MH Salon Group LLC,28,17,0.9642857142857143,1.0,10.0,0.6071428571428571
Pacific Investment Management Company LLC,99,60,1.0,0.0,1261.0,0.6060606060606061
Tredence Inc. ,25,15,1.0,0.0,200.0,0.6
AbbVie US LLC,15,9,1.0,0.0,1453.0,0.6
"BlackRock Corporation US, Inc.",15,9,1.0,0.06666666666666667,199.0,0.6
DIMENTION X INC,15,9,0.9333333333333333,1.0,3.0,0.6
First Derivatives US Inc.,15,9,1.0,0.0,300.0,0.6
"Marelli North America, Inc.",15,9,1.0,0.06666666666666667,605.0,0.6
Opendoor Labs Inc.,15,9,1.0,0.0,277.0,0.6
"American Honda Motor Co., Inc.",10,6,1.0,0.0,2453.0,0.6
Brillius Technologies Inc.,10,6,1.0,0.1,92.0,0.6
Siemens Energy Inc ,59,35,1.0,0.0,413.0,0.5932203389830508
"SG Americas Operational Services, LLC",22,13,1.0,0.0,1181.0,0.5909090909090909
"NB Ventures, Inc. ",34,20,1.0,0.0,600.0,0.5882352941176471
Kerry Inc.,17,10,1.0,0.0,615.0,0.5882352941176471
"Zifo Technologies, Inc.",48,28,1.0,0.0,60.0,0.5833333333333334
"Ashley Global Retail, LLC",12,7,1.0,0.0,556.0,0.5833333333333334
Boca West Country Club,12,7,1.0,0.5833333333333334,720.0,0.5833333333333334
"Fivetran, Inc. ",12,7,1.0,0.0,427.0,0.5833333333333334
Gold-N-Diamonds Inc.,12,7,1.0,0.8333333333333334,48.0,0.5833333333333334
IHS Global Inc.,12,7,1.0,0.08333333333333333,298.5,0.5833333333333334
"Intelligrated Services, LLC",12,7,1.0,0.0,828.0,0.5833333333333334
"Jump Operations, LLC",67,39,1.0,0.0,597.0,0.582089552238806
"CSS Payroll Co, L.P.",19,11,0.8421052631578947,0.05263157894736842,201.0,0.5789473684210527
"Santander Bank, N.A.",19,11,1.0,0.0,964.0,0.5789473684210527
"Home Depot USA, Inc.",26,15,1.0,0.0,391995.0,0.5769230769230769
RBC Capital Markets LLC,47,27,1.0,0.0,1803.0,0.574468085106383
Accenture LLP,528,302,1.0,0.030303030303030304,2100.0,0.571969696969697
BASF CORPORATION,14,8,1.0,0.0,471.0,0.5714285714285714
"Fifth Third Bank, National Association ",14,8,1.0,0.0,19764.0,0.5714285714285714
Grocery Delivery E-Services USA Inc.,14,8,0.9285714285714286,0.0,558.0,0.5714285714285714
"eHealthInsurance Services, Inc.",14,8,1.0,0.0,97.0,0.5714285714285714
"AllianceBernstein, L.P.",37,21,0.9459459459459459,0.0,3450.0,0.5675675675675675
Marsh USA LLC,16,9,1.0,0.0,382.0,0.5625
"Scopely, Inc.",16,9,1.0,0.0,790.0,0.5625
viagogo Inc.,16,9,0.9375,0.0,77.0,0.5625
"Blackstone, Inc.",25,14,1.0,0.0,2974.0,0.56
"E&O Solutions, Inc.",25,14,1.0,0.52,5.0,0.56
"PEPSICO, INC.",25,14,1.0,0.0,1915.0,0.56
Jefferies LLC ,34,19,1.0,0.0,2836.0,0.5588235294117647
"MSCI, INC.",18,10,1.0,0.0,419.5,0.5555555555555556
"APL Logistics Americas, Ltd.",9,5,1.0,0.0,134.0,0.5555555555555556
EDP Renewables North America LLC,9,5,1.0,0.1111111111111111,1022.0,0.5555555555555556
Freshworks Inc.,9,5,0.6666666666666666,0.0,44.0,0.5555555555555556
"ICE DATA ANALYTICS, LLC",9,5,1.0,0.0,54.0,0.5555555555555556
"McCarthy Building Companies, Inc.",9,5,0.8888888888888888,0.0,259.0,0.5555555555555556
Optiver Services US LLC,9,5,1.0,0.0,82.0,0.5555555555555556
Poshmark Inc.,9,5,1.0,0.0,587.0,0.5555555555555556
Quantbot Technologies LP,9,5,1.0,0.0,43.0,0.5555555555555556
NOVARTIS PHARMACEUTICALS CORPORATION,40,22,1.0,0.025,3000.0,0.55
Sartorius Stedim North America,20,11,0.9,0.0,1200.0,0.55
BNP Paribas RCC Inc.,62,34,1.0,0.0,4111.0,0.5483870967741935
"Daikin Comfort Technologies Manufacturing, L.P.",11,6,1.0,0.0,7000.0,0.5454545454545454
"Kiss Nail Products, Inc.",11,6,0.8181818181818182,0.18181818181818182,347.0,0.5454545454545454
"Wood Group USA, Inc.",11,6,1.0,0.0,1964.0,0.5454545454545454
" Flextronics International USA, Inc.",50,27,1.0,0.0,980.0,0.54
"Alcon Vision, LLC",13,7,1.0,0.0,3315.0,0.5384615384615384
Dell Marketing L.P.,13,7,1.0,0.0,16315.0,0.5384615384615384
ELC Management LLC,13,7,1.0,0.0,4102.0,0.5384615384615384
"SoftServe, Inc. ",13,7,1.0,0.07692307692307693,310.0,0.5384615384615384
"BlackRock Financial Management, Inc. ",162,87,1.0,0.012345679012345678,2999.0,0.5370370370370371
BNP Paribas Securities Corp.,43,23,1.0,0.0,4111.0,0.5348837209302325
Credit Suisse Services (USA) LLC,15,8,1.0,0.0,1091.0,0.5333333333333333
EALEARN INC,15,8,1.0,0.06666666666666667,52.0,0.5333333333333333
Schonfeld Strategic Advisors LLC,15,8,1.0,0.0,270.0,0.5333333333333333
"Tapestry, Inc.",15,8,1.0,0.0,21000.0,0.5333333333333333
"The Pokemon Company International, Inc.",15,8,1.0,0.0,924.0,0.5333333333333333
"Niagara Bottling, LLC",34,18,1.0,0.0,963.0,0.5294117647058824
Adbakx LLC,17,9,1.0,0.0,47.0,0.5294117647058824
"Addison Reserve Master Property Owners Association, Inc",17,9,1.0,0.0,162.0,0.5294117647058824
Guidehouse Inc.,19,10,1.0,0.0,491.0,0.5263157894736842
"Takeda Pharmaceuticals USA, Inc.",21,11,1.0,0.0,1497.0,0.5238095238095238
WEEE INC,21,11,1.0,0.0,1200.0,0.5238095238095238
"Riot Games, Inc.",65,34,0.9384615384615385,0.0,2734.0,0.5230769230769231
"EMP SERV, LLC ""Pipestone""",27,14,1.0,0.0,270.0,0.5185185185185185
"Chime Financial, Inc.",66,34,1.0,0.0,1064.0,0.5151515151515151
TATA CONSULTANCY SERVICES LIMITED,515,258,1.0,0.04660194174757282,4695.0,0.5009708737864078
"Jones Lang LaSalle Americas, Inc.",56,28,1.0,0.03571428571428571,1738.0,0.5
"Thales DIS USA, Inc.",22,11,1.0,0.0,218.0,0.5
Refinitiv US LLC (now part of LSEG),20,10,1.0,0.0,761.0,0.5
"Whole Foods Market Services, Inc.",20,10,1.0,0.0,1487.0,0.5
"E2 Consulting Engineers, Inc.",18,9,1.0,0.0,700.0,0.5
Standard & Poor's Financial Services LLC,18,9,1.0,0.0,569.0,0.5
Santander Consumer USA Inc.,14,7,1.0,0.0,4384.0,0.5
"The Ayco Company, L.P., A Goldman Sachs Company",14,7,1.0,0.0,821.0,0.5
Varo Bank N.A.,14,7,1.0,0.0,115.0,0.5
Deloitte Services LP,12,6,1.0,0.0,283.5,0.5
"Exel, Inc. ",12,6,0.9166666666666666,0.0,39779.0,0.5
"NextEra Energy Resources, LLC",12,6,1.0,0.0,1864.0,0.5
"Novavax, Inc.",12,6,1.0,0.0,611.0,0.5
"Siemens Healthcare Diagnostics, Inc.",12,6,1.0,0.0,308.0,0.5
"Academy, LTD",10,5,0.9,0.0,4677.0,0.5
DAA Draexlmaier Automotive of America LLC ,10,5,1.0,0.0,493.0,0.5
InnovAccer Inc.,10,5,1.0,0.0,196.0,0.5
"Integration Appliances, Inc.",10,5,1.0,0.0,214.0,0.5
"MACY'S SYSTEMS & TECHNOLOGY, INC.",10,5,1.0,0.0,1568.0,0.5
Ramp Business Corporation,10,5,1.0,0.0,942.0,0.5
Tudor Investment Corporation,10,5,1.0,0.0,230.0,0.5
"Capital One Services, LLC",55,27,0.9636363636363636,0.0,8200.0,0.4909090909090909
Wayfair LLC,139,68,1.0,0.0,2726.0,0.4892086330935252
Dell Products L.P.,33,16,1.0,0.030303030303030304,16315.0,0.48484848484848486
"Credit One Bank, N.A.",29,14,1.0,0.0,1205.0,0.4827586206896552
"Gilead Sciences, Inc.",143,69,1.0,0.0,4335.0,0.4825174825174825
Nomura Holding America Inc.,25,12,1.0,0.0,1147.0,0.48
"AMERICOLD LOGISTICS, LLC",23,11,1.0,0.043478260869565216,11000.0,0.4782608695652174
"Jazz Pharmaceuticals, Inc.",21,10,1.0,0.0,1410.0,0.47619047619047616
"AMAZON DATA SERVICES, INC.",19,9,1.0,0.5789473684210527,11213.0,0.47368421052631576
"Altair Engineering, Inc.",19,9,1.0,0.0,1060.0,0.47368421052631576
"ValueLabs, Inc.",19,9,1.0,0.0,29.0,0.47368421052631576
Samsara Inc. ,36,17,0.9444444444444444,0.0,2650.0,0.4722222222222222
"Anaplan, Inc.",17,8,1.0,0.0,835.0,0.47058823529411764
TE Connectivity Corporation,45,21,1.0,0.0,146.0,0.4666666666666667
"Mattel HQ, Inc. ",15,7,1.0,0.0,1070.0,0.4666666666666667
McDonald's Corporation,15,7,1.0,0.0,2075.0,0.4666666666666667
Adyen N.V.,26,12,0.9615384615384616,0.0,664.0,0.46153846153846156
"DataStax, Inc.",13,6,1.0,0.0,370.0,0.46153846153846156
Freudenberg-NOK General Partnership,13,6,1.0,0.0,236.0,0.46153846153846156
HARDEV PETROLEUM INC,13,6,0.9230769230769231,1.0,5.0,0.46153846153846156
LACOF GROUP CORP,13,6,0.46153846153846156,0.9230769230769231,0.0,0.46153846153846156
"Micron Semiconductor Products, Inc. ",13,6,1.0,0.0,167.0,0.46153846153846156
"Spirit Airlines, Inc.",13,6,0.7692307692307693,0.07692307692307693,13794.0,0.46153846153846156
"WorldQuant, LLC",13,6,1.0,0.0,116.0,0.46153846153846156
"Swift Beef Company, a JBS USA Subsidiary",24,11,1.0,0.0,3807.0,0.4583333333333333
"DRW Holdings, LLC",22,10,1.0,0.0,716.0,0.45454545454545453
Aptiv U.S. Services General Partnership,11,5,1.0,0.0,306.0,0.45454545454545453
Brandako Inc,11,5,0.0,0.0,5.0,0.45454545454545453
CareSource Management Services LLC,11,5,1.0,0.0,4773.0,0.45454545454545453
"Danfoss, LLC",11,5,1.0,0.0,1500.0,0.45454545454545453
Hippo Employee Services Inc.,11,5,1.0,0.09090909090909091,101.0,0.45454545454545453
"Logic Information Systems, Inc.",11,5,1.0,0.0,141.0,0.45454545454545453
"Logitech, Inc.",11,5,1.0,0.0,1421.0,0.45454545454545453
"Roush Management, LLC",11,5,1.0,0.0,497.0,0.45454545454545453
DB USA Core Corporation,31,14,1.0,0.0,1511.0,0.45161290322580644
Cummins Emission Solutions Inc.,20,9,0.95,0.0,9980.0,0.45
"Trinity Partners, LLC",20,9,0.95,0.05,225.0,0.45
"Cargill, Incorporated",29,13,1.0,0.0,4998.0,0.4482758620689655
HENRY FORD HEALTH SYSTEM,36,16,1.0,0.0,9322.0,0.4444444444444444
"Smith & Nephew, Inc.",18,8,1.0,0.0,308.5,0.4444444444444444
CITADEL SECURITIES AMERICAS SERVICES LLC,138,61,1.0,0.028985507246376812,241.0,0.4420289855072464
"Ancestry.com Operations, Inc.",25,11,1.0,0.08,244.0,0.44
"Two Sigma Investments, LP",78,34,1.0,0.0,1759.0,0.4358974358974359
"ActiveHours, Inc.",23,10,1.0,0.0,174.0,0.43478260869565216
MPG Operations LLC,95,41,1.0,0.0,1693.0,0.43157894736842106
Boston Scientific Corporation,84,36,0.9880952380952381,0.0,41000.0,0.42857142857142855
"Affirm, Inc.",56,24,1.0,0.017857142857142856,1828.0,0.42857142857142855
"Tyson Foods, Inc.",21,9,1.0,0.0,12054.0,0.42857142857142855
ADVENTIST HEALTH SYSTEM SUNBELT HEALTHCARE CORP.,14,6,1.0,0.0,1800.0,0.42857142857142855
Liberty Mutual Group Inc.,14,6,1.0,0.0,779.5,0.42857142857142855
Parexel International LLC,14,6,1.0,0.0,4666.0,0.42857142857142855
Rolls-Royce Solutions America Inc.,14,6,1.0,0.0,380.0,0.42857142857142855
"STUBHUB, INC.",14,6,1.0,0.14285714285714285,216.0,0.42857142857142855
"Snap Finance, LLC.",14,6,1.0,0.0,314.0,0.42857142857142855
"Hyundai Transys Georgia Seating System, LLC",26,11,1.0,0.0,1325.0,0.4230769230769231
Kite Pharma Inc.,26,11,1.0,0.0,88.0,0.4230769230769231
Levi Strauss & Co.,26,11,1.0,0.0,950.0,0.4230769230769231
"Remitly, Inc.",45,19,1.0,0.0,765.0,0.4222222222222222
LendingClub Bank National Association,31,13,1.0,0.0,355.0,0.41935483870967744
"Moody's Investors Service, Inc.",55,23,0.9818181818181818,0.0,376.0,0.41818181818181815
ELC Beauty LLC,24,10,1.0,0.041666666666666664,4102.0,0.4166666666666667
Camila's Restaurant Orlando LLC,12,5,0.9166666666666666,1.0,28.5,0.4166666666666667
"Cornerstone OnDemand, Inc.",12,5,1.0,0.0,232.0,0.4166666666666667
"Kumho Tire Georgia, Inc.",12,5,1.0,0.0,514.0,0.4166666666666667
"Retool, Inc.",12,5,1.0,0.0,200.5,0.4166666666666667
VIAC Services Company ,12,5,1.0,0.0,216.0,0.4166666666666667
ZF Active Safety US Inc.,12,5,1.0,0.0,3300.0,0.4166666666666667
Morgan Stanley Smith Barney LLC,17,7,1.0,0.0,17823.0,0.4117647058823529
"Pearson Education, Inc.",17,7,1.0,0.058823529411764705,231.0,0.4117647058823529
Transamerica Life Insurance Company,17,7,1.0,0.0,8824.0,0.4117647058823529
Tubi Inc.,22,9,1.0,0.0,294.0,0.4090909090909091
Carnival Corporation,27,11,1.0,0.0,2243.0,0.4074074074074074
PricewaterhouseCoopers Advisory Services LLC,350,142,0.8514285714285714,0.008571428571428572,13412.0,0.4057142857142857
Visa U.S.A. Inc.,148,60,1.0,0.0,892.0,0.40540540540540543
"Takeda Development Center Americas, Inc.",74,30,1.0,0.0,2855.0,0.40540540540540543
"Autodesk, Inc.",94,38,0.9787234042553191,0.0,4247.0,0.40425531914893614
"Zoetis, Inc.",55,22,1.0,0.0,563.0,0.4
"Gartner, Inc. ",30,12,0.9333333333333333,0.03333333333333333,1300.0,0.4
KeyBank National Association,30,12,1.0,0.0,18000.0,0.4
"Invesco Group Services, Inc.",25,10,1.0,0.0,833.0,0.4
Schlumberger Technology Corporation,25,10,1.0,0.04,1474.0,0.4
Daimler Truck North America LLC,20,8,0.9,0.0,9767.0,0.4
"FII USA, INC.",15,6,0.9333333333333333,0.06666666666666667,1287.0,0.4
Protiviti Inc.,15,6,1.0,0.0,327.0,0.4
"Vertex U.S. Holdings, Inc.",15,6,1.0,0.0,258.0,0.4
Goldman Sachs Bank USA,131,52,1.0,0.0,1302.0,0.3969465648854962
"DGN Technologies, Inc.",38,15,1.0,0.21052631578947367,189.0,0.39473684210526316
"Move, Inc. ",33,13,1.0,0.0,409.0,0.3939393939393939
"EMP SERV, LLC",51,20,0.9411764705882353,0.0,270.0,0.39215686274509803
"Okta, Inc. ",105,41,1.0,0.0,1112.0,0.3904761904761905
"Upgrade, Inc.",36,14,0.9722222222222222,0.0,1492.0,0.3888888888888889
"FMC Technologies, Inc.",18,7,1.0,0.0,2131.0,0.3888888888888889
"Fractal Analytics, Inc.",18,7,1.0,0.0,287.0,0.3888888888888889
Ibase of Fairfield County LLC D/B/A Qualitest Group,18,7,1.0,0.0,34.0,0.3888888888888889
"Oportun, Inc.",18,7,1.0,0.05555555555555555,110.0,0.3888888888888889
"Texas Mobile PCS, LLC",18,7,1.0,0.9444444444444444,193.0,0.3888888888888889
Western Alliance Bank,18,7,1.0,0.0,115.5,0.3888888888888889
Whirlpool Corporation,49,19,1.0,0.0,2160.0,0.3877551020408163
"Citibank, N.A.",686,264,1.0,0.0014577259475218659,14659.0,0.3848396501457726
"Christensen Farms & Feedlots, Inc.",26,10,1.0,0.0,9.0,0.38461538461538464
"BECKMAN COULTER, INC. ",13,5,1.0,0.0,10725.0,0.38461538461538464
Green Dot Corporation,13,5,1.0,0.0,916.0,0.38461538461538464
McGraw Hill LLC,13,5,1.0,0.0,538.0,0.38461538461538464
Parsons Transportation Group Inc.,13,5,1.0,0.0,322.0,0.38461538461538464
Sophlogic Global LLC,13,5,1.0,0.15384615384615385,19.0,0.38461538461538464
"Airbus Americas, Inc.",34,13,1.0,0.0,1736.0,0.38235294117647056
"Uline, Inc.",21,8,1.0,0.0,9000.0,0.38095238095238093
"DAS North America, Inc.",32,12,1.0,0.0,512.5,0.375
"DIMENSIONAL FUNDS ADVISORS, LP",24,9,1.0,0.0,724.0,0.375
Turner Construction Company,24,9,1.0,0.041666666666666664,219.5,0.375
CONOCOPHILLIPS COMPANY,16,6,1.0,0.0,2048.0,0.375
"STMICROELECTRONICS,INC",16,6,1.0,0.0,149.0,0.375
"TD Bank, National Association ",16,6,1.0,0.0,3894.0,0.375
Chicago Mercantile Exchange Inc. ,51,19,0.9607843137254902,0.0,1836.0,0.37254901960784315
"Arrowstreet Capital, Limited Partnership",27,10,1.0,0.0,409.0,0.37037037037037035
"Johnson & Johnson Services, Inc.",27,10,1.0,0.0,3186.0,0.37037037037037035
U.S. Bank National Association,368,136,1.0,0.03260869565217391,10000.0,0.3695652173913043
"Afterpay US, Inc.",19,7,0.8947368421052632,0.05263157894736842,239.0,0.3684210526315789
Jacobs Project Management Company,19,7,1.0,0.0,17.0,0.3684210526315789
ROLA BUSINESS GROUP INC,19,7,0.8421052631578947,1.0,2.0,0.3684210526315789
IQVIA Inc.,33,12,0.9393939393939394,0.0,1216.0,0.36363636363636365
American General Life Insurance Company,22,8,1.0,0.0,447.0,0.36363636363636365
SAS Institute Inc.,22,8,1.0,0.0,3541.0,0.36363636363636365
SharkNinja Operating LLC,22,8,1.0,0.0,1205.0,0.36363636363636365
University of Southern California,22,8,1.0,0.0,27068.5,0.36363636363636365
"Social Finance, LLC",72,26,1.0,0.0,2774.0,0.3611111111111111
"Dropbox, Inc.",25,9,1.0,0.0,931.0,0.36
"Thermo Fisher Scientific, Inc. ",92,33,0.9891304347826086,0.0,650.0,0.358695652173913
"Udemy, Inc.",28,10,0.9642857142857143,0.0,873.0,0.35714285714285715
"Alps Alpine North America, Inc.",14,5,1.0,0.0,160.0,0.35714285714285715
Pacific Gas and Electric Company ,14,5,1.0,0.0,9147.5,0.35714285714285715
"MUFG Bank, Ltd.",34,12,1.0,0.0,658.5,0.35294117647058826
"Flexon Technologies, Inc",17,6,1.0,0.058823529411764705,74.0,0.35294117647058826
Infineon Technologies Americas Corp.,17,6,1.0,0.0,281.0,0.35294117647058826
"Morningstar, Inc. ",17,6,1.0,0.0,3020.0,0.35294117647058826
"Murex North America, Inc.",17,6,1.0,0.0,168.0,0.35294117647058826
"Navan, Inc.",17,6,1.0,0.0,939.0,0.35294117647058826
"Publix Super Markets, Inc.",17,6,1.0,0.0,25000.0,0.35294117647058826
"Axtria, Inc.",71,25,0.5352112676056338,0.0,561.0,0.352112676056338
Deloitte Consulting LLP,993,349,1.0,0.017119838872104734,1182.0,0.351460221550856
"EXLSERVICE.COM, LLC",37,13,1.0,0.02702702702702703,2500.0,0.35135135135135137
NIKE USA Inc.,40,14,1.0,0.0,1338.5,0.35
cyberThink Inc,20,7,0.95,0.3,210.5,0.35
"AUTOMATION ANYWHERE, INC.",23,8,0.9565217391304348,0.0,180.0,0.34782608695652173
"Elasticsearch, Inc.",23,8,1.0,0.0,197.0,0.34782608695652173
CITADEL ENTERPRISE AMERICAS SERVICES LLC,52,18,1.0,0.038461538461538464,139.0,0.34615384615384615
Cognex Corporation,26,9,1.0,0.038461538461538464,546.0,0.34615384615384615
GreenSky Management Company LLC,26,9,1.0,0.0,475.0,0.34615384615384615
"o9 Solutions, Inc. ",26,9,1.0,0.0,480.0,0.34615384615384615
"Point72, L.P.",29,10,1.0,0.034482758620689655,533.0,0.3448275862068966
"UiPath, Inc.",29,10,1.0,0.0,199.0,0.3448275862068966
"Schneider Electric USA, Inc.",70,24,0.9857142857142858,0.014285714285714285,30000.0,0.34285714285714286
UBS Business Solutions US LLC,117,40,1.0,0.0,1991.0,0.3418803418803419
"Hanwha Q Cells USA, Inc.",41,14,1.0,0.0,1167.0,0.34146341463414637
"CBRE, Inc. ",72,24,1.0,0.013888888888888888,1326.0,0.3333333333333333
"Siemens Mobility, Inc.",36,12,1.0,0.0,2549.0,0.3333333333333333
Tencent America LLC,36,12,1.0,0.0,189.0,0.3333333333333333
Genpact LLC,30,10,0.9666666666666667,0.0,802.0,0.3333333333333333
"HALLIBURTON ENERGY SERVICES, INC.",30,10,1.0,0.06666666666666667,2247.0,0.3333333333333333
"Fetch Rewards, Inc.",27,9,1.0,0.0,119.0,0.3333333333333333
DXC Technology Services LLC ,24,8,1.0,0.041666666666666664,292.0,0.3333333333333333
"Marriott International, Inc.",24,8,1.0,0.0,16836.0,0.3333333333333333
Accelalpha Inc.,21,7,1.0,0.0,35.0,0.3333333333333333
"DENSO International America, Inc.",21,7,1.0,0.0,1055.0,0.3333333333333333
"Abbott Diabetes Care, Inc.",18,6,1.0,0.05555555555555555,798.0,0.3333333333333333
Ascendion Inc. (formerly Collabera Inc.),18,6,1.0,0.05555555555555555,57.0,0.3333333333333333
DoubleVerify Inc.,18,6,1.0,0.0,552.0,0.3333333333333333
ISN Software Corporation,18,6,1.0,0.0,554.0,0.3333333333333333
"Intralox, LLC",18,6,1.0,0.0,2239.0,0.3333333333333333
"TECH MAHINDRA (AMERICAS), INC.",18,6,1.0,0.05555555555555555,4500.0,0.3333333333333333
"Advanced Energy Industries, Inc.",15,5,1.0,0.0,140.0,0.3333333333333333
"Institutional Capital Network, Inc.",15,5,1.0,0.0,300.0,0.3333333333333333
Seohan Auto USA Corporation,15,5,1.0,0.0,202.0,0.3333333333333333
"Stitch Fix, Inc.",15,5,1.0,0.0,335.0,0.3333333333333333
The Hertz Corporation,15,5,1.0,0.0,20978.0,0.3333333333333333
Home Depot Management Company LLC,151,50,1.0,0.0,9000.0,0.33112582781456956
Vertex Pharmaceuticals Incorporated,31,10,1.0,0.0,3110.0,0.3225806451612903
"The PNC Financial Services Group, Inc.",28,9,1.0,0.0,2600.0,0.32142857142857145
"Wabtec US Rail, Inc.",28,9,1.0,0.0,210.0,0.32142857142857145
"Zendesk, Inc.",28,9,1.0,0.0,23.0,0.32142857142857145
"Capital One, National Association",53,17,1.0,0.0,3450.0,0.32075471698113206
Ally Bank,50,16,0.98,0.0,2797.0,0.32
Edwards Lifesciences LLC,50,16,0.98,0.0,5000.0,0.32
"HashiCorp, Inc. ",25,8,0.96,0.04,268.0,0.32
"LG Electronics U.S.A., Inc.",25,8,0.96,0.0,589.0,0.32
"Lotusworks, Inc.",25,8,0.96,0.04,149.0,0.32
"Cloudera, Inc.",44,14,1.0,0.0,784.0,0.3181818181818182
"Compass Group USA, Inc.",22,7,0.9090909090909091,0.0,8413.5,0.3181818181818182
"Target Enterprise, Inc.",41,13,1.0,0.0,14585.0,0.3170731707317073
"Honeywell International, Inc.",101,32,0.9900990099009901,0.009900990099009901,800.0,0.31683168316831684
Synchrony Bank,38,12,1.0,0.0,713.0,0.3157894736842105
"Fluence Energy, LLC",19,6,1.0,0.0,125.0,0.3157894736842105
"Group Health Plan, Inc.",19,6,1.0,0.0,7073.0,0.3157894736842105
"SL Alabama, LLC",19,6,1.0,0.05263157894736842,624.0,0.3157894736842105
"Webber, LLC",19,6,0.9473684210526315,0.0,1757.0,0.3157894736842105
"Slalom, Inc.",108,34,0.9907407407407407,0.0,339.0,0.3148148148148148
TransUnion LLC,86,27,1.0,0.0,5066.0,0.313953488372093
"Semiconductor Components Industries, LLC",51,16,0.9803921568627451,0.0,720.0,0.3137254901960784
Atos Syntel Inc.,80,25,1.0,0.05,1822.0,0.3125
"Reddit, Inc. ",32,10,1.0,0.03125,1944.0,0.3125
"Pluto, Inc.",16,5,1.0,0.0,305.0,0.3125
"Trinity Consultants, Inc.",16,5,0.9375,0.0,17.5,0.3125
"eShares, Inc.",29,9,1.0,0.0,1419.0,0.3103448275862069
BANK OF AMERICA N.A.,316,98,0.990506329113924,0.0,5556.0,0.310126582278481
Dell USA L.P.,55,17,1.0,0.0,16315.0,0.3090909090909091
"Chewy, Inc.",163,50,1.0,0.0,783.0,0.3067484662576687
"Nordstrom, Inc.",124,38,0.9919354838709677,0.0,4521.0,0.3064516129032258
"CrowdStrike, Inc.",36,11,1.0,0.0,643.0,0.3055555555555556
Credit Suisse Securities (USA) LLC,23,7,1.0,0.0,962.0,0.30434782608695654
Panasonic Avionics Corporation,23,7,0.9565217391304348,0.0,1334.0,0.30434782608695654
"University of California, Los Angeles",23,7,1.0,0.0,26000.0,0.30434782608695654
Intuit Inc.,399,121,1.0,0.007518796992481203,3450.0,0.3032581453634085
"Siemens Industry, Inc.",43,13,1.0,0.046511627906976744,805.0,0.3023255813953488
Seaboard Foods LLC,30,9,1.0,0.0,356.5,0.3
Blue Cross Blue Shield of Michigan,20,6,1.0,0.0,6067.0,0.3
Cedars-Sinai Medical Center,20,6,1.0,0.0,15000.0,0.3
"NTT DATA Americas, Inc.",67,20,1.0,0.014925373134328358,549.0,0.29850746268656714
First Citizens Bank and Trust Co.,57,17,1.0,0.0,1790.0,0.2982456140350877
"FedEx Corporate Services, Inc.",84,25,1.0,0.0,5331.0,0.2976190476190476
The Bank of New York Mellon,64,19,1.0,0.0,4827.0,0.296875
"Asana, Inc.",44,13,1.0,0.022727272727272728,1391.0,0.29545454545454547
Maplebear Inc.,68,20,1.0,0.0,742.0,0.29411764705882354
"7-Eleven, Inc.",51,15,1.0,0.0,2293.0,0.29411764705882354
GlobalFoundries U.S. Inc.,51,15,1.0,0.0196078431372549,2295.0,0.29411764705882354
Plaid Inc,34,10,1.0,0.0,392.0,0.29411764705882354
"Avalara, Inc.",17,5,1.0,0.0,2558.0,0.29411764705882354
"CarGurus, Inc. ",17,5,1.0,0.0,800.0,0.29411764705882354
"HERE North America, LLC",17,5,1.0,0.0,1209.0,0.29411764705882354
"Harman Becker Automotive Systems, Inc.",17,5,1.0,0.0,960.0,0.29411764705882354
MH Sub I LLC,17,5,1.0,0.11764705882352941,606.0,0.29411764705882354
Redfin Corporation,17,5,0.9411764705882353,0.0,302.0,0.29411764705882354
"SINGULAR PEOPLE, LLC",17,5,1.0,0.0,6.0,0.29411764705882354
Schaeffler Transmission LLC,17,5,1.0,0.0,1652.0,0.29411764705882354
"Molex, LLC",24,7,1.0,0.0,417.0,0.2916666666666667
"LYFT, INC.",87,25,1.0,0.0,625.0,0.28735632183908044
"SUSQUEHANNA INTERNATIONAL GROUP, LLP",49,14,1.0,0.0,1500.0,0.2857142857142857
"CBS Interactive, Inc.",35,10,1.0,0.0,197.0,0.2857142857142857
Seagen Inc. ,28,8,1.0,0.0,2982.0,0.2857142857142857
"Foundation Medicine, Inc.",21,6,1.0,0.047619047619047616,1800.0,0.2857142857142857
"Luminar Technologies, Inc.",21,6,1.0,0.0,420.0,0.2857142857142857
MERRILL LYNCH,21,6,1.0,0.0,670.0,0.2857142857142857
"Uber Technologies, Inc.",763,216,0.9960681520314548,0.011795543905635648,2702.0,0.28309305373525556
"Robinhood Markets, Inc.",99,28,0.9797979797979798,0.010101010101010102,533.0,0.2828282828282828
Dassault Systemes Americas Corp.,39,11,0.9743589743589743,0.0,584.0,0.28205128205128205
Dematic Corp.,39,11,1.0,0.0,1272.0,0.28205128205128205
"Rivian, LLC",32,9,1.0,0.0,1522.0,0.28125
"Stripe, Inc.",253,71,0.9960474308300395,0.0,1089.0,0.28063241106719367
"RingCentral, Inc.",50,14,1.0,0.0,499.5,0.28
"Iris Software, Inc.",25,7,0.88,0.0,386.0,0.28
"Cloudflare, Inc.",61,17,1.0,0.01639344262295082,497.0,0.2786885245901639
"Akuna Capital, LLC",36,10,1.0,0.0,299.0,0.2777777777777778
"Biogen, Inc.",18,5,1.0,0.0,2098.0,0.2777777777777778
"Birlasoft Solutions, Inc.",18,5,1.0,0.1111111111111111,350.0,0.2777777777777778
CYPRESS SEMICONDUCTOR CORPORATION,18,5,1.0,0.0,359.0,0.2777777777777778
Murphy Exploration & Production Company USA,18,5,1.0,0.0,608.0,0.2777777777777778
"Turner Services, Inc.",18,5,1.0,0.0,898.5,0.2777777777777778
"Williams-Sonoma, Inc. ",18,5,1.0,0.0,115.0,0.2777777777777778
"Deloitte Touche Tohmatsu Services, LLC",40,11,1.0,0.0,105.5,0.275
"Discover Products, Inc.",110,30,0.990909090909091,0.0,1956.0,0.2727272727272727
Bayer U.S. LLC,44,12,1.0,0.0,1736.0,0.2727272727272727
"Procore Technologies, Inc.",33,9,1.0,0.0,3106.0,0.2727272727272727
"Agilent Technologies, Inc.",22,6,1.0,0.0,807.5,0.2727272727272727
MAXIMUS Inc.,22,6,1.0,0.045454545454545456,866.5,0.2727272727272727
Federal Home Loan Mortgage Corporation,81,22,1.0,0.0,7050.0,0.2716049382716049
Bill Operations LLC,59,16,1.0,0.0,2507.0,0.2711864406779661
"NTT DATA Services, LLC",52,14,1.0,0.019230769230769232,854.0,0.2692307692307692
Galileo Financial Technologies,26,7,1.0,0.0,464.0,0.2692307692307692
Panasonic Corporation of North America (PNA),26,7,1.0,0.0,1333.5,0.2692307692307692
Zebra Technologies Corporation,56,15,1.0,0.0,173.0,0.26785714285714285
Gen Digital Inc.,30,8,0.9666666666666667,0.0,366.0,0.26666666666666666
"Markit North America, Inc.",30,8,1.0,0.0,420.0,0.26666666666666666
Symbotic LLC,30,8,0.9333333333333333,0.0,575.0,0.26666666666666666
"Durr Systems, Inc.",19,5,1.0,0.0,295.0,0.2631578947368421
"American Express Travel Related Services Company, Inc.",168,44,1.0,0.005952380952380952,6736.0,0.2619047619047619
"American Axle & Manufacturing, Inc. ",23,6,1.0,0.0,415.0,0.2608695652173913
"Applied Intuition, Inc.",23,6,1.0,0.0,521.0,0.2608695652173913
"Turo, Inc. ",23,6,1.0,0.0,744.0,0.2608695652173913
"American Airlines, Inc.",177,46,1.0,0.005649717514124294,31000.0,0.2598870056497175
"Brose North America, Inc.",31,8,1.0,0.0,1745.0,0.25806451612903225
"Joon, LLC",31,8,1.0,0.16129032258064516,449.0,0.25806451612903225
Silicon Laboratories Inc.,31,8,1.0,0.0,473.0,0.25806451612903225
Stanford Health Care,35,9,1.0,0.0,18000.0,0.2571428571428571
"DoorDash, Inc.",328,84,0.8780487804878049,0.0,1474.0,0.25609756097560976
CyberSource Corporation,43,11,1.0,0.0,343.0,0.2558139534883721
Wellington Management Company LLP,43,11,0.9767441860465116,0.023255813953488372,1949.0,0.2558139534883721
"Genentech, Inc.",47,12,0.9574468085106383,0.0,8149.0,0.2553191489361702
"Staples, Inc.",47,12,1.0,0.0,1233.0,0.2553191489361702
"Shipt, Inc.",51,13,1.0,0.0196078431372549,1073.0,0.2549019607843137
"T-Mobile USA, Inc.",142,36,1.0,0.0,6764.5,0.2535211267605634
Amgen Inc.,158,40,1.0,0.0,4926.0,0.25316455696202533
Cummins Inc.,352,89,0.9971590909090909,0.005681818181818182,9980.0,0.2528409090909091
"Block, Inc.",139,35,1.0,0.014388489208633094,1844.0,0.2517985611510791
"NIKE, Inc.",291,73,1.0,0.003436426116838488,9552.0,0.2508591065292096
JPMORGAN CHASE & CO.,1489,373,0.9986568166554735,0.0033579583613163196,13863.0,0.25050369375419745
"Twilio, Inc.",140,35,1.0,0.0,920.0,0.25
Amazon.com Services LLC,120,30,1.0,0.14166666666666666,6700.0,0.25
"Denken Solutions, Inc.",84,21,1.0,0.11904761904761904,383.0,0.25
"Verkada, Inc",72,18,1.0,0.0,1517.0,0.25
"Airbnb, Inc.",64,16,1.0,0.015625,1784.0,0.25
Schaeffler Group USA Inc. ,44,11,1.0,0.0,1030.0,0.25
Trimble Inc. ,44,11,0.9772727272727273,0.0,5324.0,0.25
"ZT Group Int'l, Inc.",36,9,1.0,0.0,1299.0,0.25
"Carvana, LLC",32,8,1.0,0.0,2075.0,0.25
"ZoomInfo Technologies, LLC",28,7,1.0,0.0,529.0,0.25
Covidien LP,24,6,1.0,0.041666666666666664,9800.0,0.25
Fred Hutchinson Cancer Center,24,6,1.0,0.0,5866.0,0.25
HRT Research LLC,24,6,1.0,0.0,231.0,0.25
Dynatrace LLC,20,5,0.75,0.0,1500.0,0.25
Icahn School of Medicine at Mount Sinai,20,5,1.0,0.0,8500.0,0.25
"NEMAK USA, INC.",20,5,1.0,0.0,969.0,0.25
Yelp Inc.,20,5,0.9,0.0,117.0,0.25
"Zuora, Inc.",20,5,1.0,0.0,483.5,0.25
"GoDaddy.com, LLC",113,28,0.9911504424778761,0.0,9000.0,0.24778761061946902
"Becton, Dickinson and Company",106,26,0.9245283018867925,0.009433962264150943,1271.0,0.24528301886792453
Siemens Industry Software Inc.,127,31,1.0,0.0,377.0,0.2440944881889764
"Atlassian US, Inc.",111,27,0.972972972972973,0.0,1290.0,0.24324324324324326
HP Inc.,99,24,0.9797979797979798,0.0,764.0,0.24242424242424243
ByteDance Inc.,640,155,1.0,0.028125,2724.0,0.2421875
Hitachi Vantara LLC,29,7,1.0,0.0,3750.0,0.2413793103448276
"Box, Inc.",54,13,1.0,0.0,1814.0,0.24074074074074073
"Bio-Rad Laboratories, Inc.",25,6,1.0,0.0,1990.0,0.24
Freedom Mortgage Corporation,25,6,1.0,0.0,37.0,0.24
"Prosper Marketplace, Inc.",25,6,1.0,0.0,428.0,0.24
The Prudential Insurance Company of America,46,11,1.0,0.0,16196.0,0.2391304347826087
"Cadence Design Systems, Inc.",205,49,1.0,0.00975609756097561,2766.0,0.23902439024390243
Unity Technologies SF,42,10,1.0,0.0,416.0,0.23809523809523808
SK Hynix NAND Product Solutions Corp,21,5,1.0,0.0,646.0,0.23809523809523808
"Softrams, LLC",21,5,0.9523809523809523,0.0,524.0,0.23809523809523808
Veritas Technologies LLC,38,9,1.0,0.0,7000.0,0.23684210526315788
"Expedia, Inc. ",271,64,0.988929889298893,0.0036900369003690036,3433.0,0.23616236162361623
"Guardant Health, Inc.",34,8,1.0,0.0,468.0,0.23529411764705882
"KEYSIGHT TECHNOLOGIES, INC.",64,15,1.0,0.0,653.0,0.234375
"Siemens Medical Solutions USA, Inc.",64,15,0.984375,0.0,597.0,0.234375
New York Life Insurance Company,47,11,1.0,0.0,12000.0,0.23404255319148937
"Pure Storage, Inc.",90,21,1.0,0.011111111111111112,1496.0,0.23333333333333334
Radix Trading LLC,30,7,1.0,0.13333333333333333,133.0,0.23333333333333334
"Confluent, Inc.",95,22,1.0,0.0,1611.0,0.23157894736842105
"HubSpot, Inc.",52,12,1.0,0.038461538461538464,4443.0,0.23076923076923078
"Consumerinfo.com, Inc. ",26,6,1.0,0.0,378.0,0.23076923076923078
KFORCE INC. ,248,57,1.0,0.024193548387096774,8000.0,0.22983870967741934
Black & Veatch Corporation,61,14,1.0,0.0,98.0,0.22950819672131148
Coupang Global LLC,35,8,1.0,0.0,369.0,0.22857142857142856
"Applied Materials, Inc",381,87,0.9973753280839895,0.005249343832020997,5671.0,0.2283464566929134
"Sewon America, Inc.",57,13,0.9824561403508771,0.0,702.0,0.22807017543859648
"MONGODB, INC.",66,15,0.9848484848484849,0.015151515151515152,896.0,0.22727272727272727
ClinChoice Inc.,22,5,1.0,0.0,248.5,0.22727272727272727
"EMPOWER RETIREMENT, LLC",22,5,1.0,0.0,1203.0,0.22727272727272727
"Mercedes-Benz Vans, LLC",22,5,1.0,0.0,1600.0,0.22727272727272727
"Penumbra, Inc.",22,5,1.0,0.0,3596.0,0.22727272727272727
"Varian Medical Systems, Inc.",62,14,1.0,0.0,1345.0,0.22580645161290322
Credit Karma LLC,102,23,1.0,0.00980392156862745,668.0,0.22549019607843138
"AutoZone, Inc.",40,9,1.0,0.0,55671.0,0.225
"Valeo North America, Inc.",40,9,1.0,0.0,968.0,0.225
Adobe Inc. ,649,146,0.9984591679506933,0.004622496147919877,3978.0,0.22496147919876733
"MetLife Group, Inc.",49,11,1.0,0.0,1584.0,0.22448979591836735
State Street Bank and Trust Company,116,26,0.9913793103448276,0.008620689655172414,8100.0,0.22413793103448276
ABBVIE INC.,81,18,0.9876543209876543,0.012345679012345678,8231.0,0.2222222222222222
LinkedIn Corporation,592,131,0.9949324324324325,0.008445945945945946,6500.0,0.22128378378378377
Ingram Micro Inc.,32,7,1.0,0.0,865.0,0.21875
"Sephora USA, Inc.",32,7,0.96875,0.0,2040.0,0.21875
"Electronic Arts, Inc.",92,20,1.0,0.0,1170.0,0.21739130434782608
" Discovery Communications, LLC  ",23,5,1.0,0.0,410.0,0.21739130434782608
"Above and Beyond Care Providers, Inc.",23,5,1.0,1.0,8.0,0.21739130434782608
"Arthur J. Gallagher Service Company, LLC",23,5,0.9565217391304348,0.043478260869565216,2243.0,0.21739130434782608
Nikola Corporation,23,5,1.0,0.0,978.0,0.21739130434782608
PEGASYSTEMS INC.,23,5,1.0,0.08695652173913043,1882.0,0.21739130434782608
"Sophos, Inc.",23,5,1.0,0.0,800.0,0.21739130434782608
Abbott Laboratories,74,16,0.9864864864864865,0.0,3725.0,0.21621621621621623
"ValueMomentum, Inc.",37,8,1.0,0.0,518.0,0.21621621621621623
"TEKsystems Global Services, LLC",51,11,0.9803921568627451,0.0,52.0,0.21568627450980393
Sanofi US Services Inc.,28,6,0.8571428571428571,0.0,1702.0,0.21428571428571427
"Teradyne, Inc.",28,6,1.0,0.0,182.0,0.21428571428571427
ITSUTRA INC.,33,7,1.0,0.0,98.0,0.21212121212121213
"SAP Labs, LLC",33,7,1.0,0.0,154.0,0.21212121212121213
DocuSign Inc. ,138,29,0.9927536231884058,0.007246376811594203,1221.0,0.21014492753623187
Barclays Services Corp. ,200,42,1.0,0.005,3783.0,0.21
"Coinbase, Inc.",62,13,0.9516129032258065,0.0,620.0,0.20967741935483872
"Netflix, Inc.",115,24,0.991304347826087,0.0,2197.0,0.20869565217391303
The New York Times Company,24,5,1.0,0.041666666666666664,5800.0,0.20833333333333334
"Splunk, Inc.",77,16,0.987012987012987,0.025974025974025976,1719.0,0.2077922077922078
"TESLA, INC.",800,166,0.99875,0.0025,13400.0,0.2075
Morgan Stanley Services Group Inc.,252,52,0.996031746031746,0.0,17823.0,0.20634920634920634
"Cox Automotive Corporate Services, LLC",34,7,1.0,0.0,2745.0,0.20588235294117646
"EPITEC, INC.",34,7,1.0,0.0,78.5,0.20588235294117646
Hartford Fire Insurance Company,34,7,1.0,0.0,3310.0,0.20588235294117646
Massachusetts Mutual Life Insurance Company,39,8,1.0,0.0,2794.0,0.20512820512820512
"Volkswagen Group of America, Inc.",39,8,0.8461538461538461,0.0,8000.0,0.20512820512820512
"Fortinet, Inc.",171,35,1.0,0.005847953216374269,1325.0,0.2046783625730994
PACCAR Inc,44,9,1.0,0.0,2836.0,0.20454545454545456
"Medline Industries, LP ",93,19,0.989247311827957,0.0,986.0,0.20430107526881722
Southwest Airlines Co.,49,10,1.0,0.0,12728.0,0.20408163265306123
"ASML US, LP",299,60,0.9933110367892977,0.0033444816053511705,888.0,0.20066889632107024
SNAP INC.,165,33,1.0,0.006060606060606061,553.0,0.2
AM/NS Calvert LLC,35,7,1.0,0.0,1550.0,0.2
Epic Systems Corporation,35,7,1.0,0.0,12000.0,0.2
University of Utah ,35,7,1.0,0.02857142857142857,37893.0,0.2
"Infor (US), LLC",30,6,1.0,0.0,523.0,0.2
"Kyyba, Inc.",30,6,1.0,0.0,341.0,0.2
Merck Sharp & Dohme LLC,30,6,0.9666666666666667,0.0,5740.0,0.2
"Rockwell Automation, Inc.",30,6,1.0,0.0,1884.5,0.2
"Zimmer, Inc.",30,6,1.0,0.2,19900.0,0.2
"Etsy, Inc,",25,5,1.0,0.0,1669.0,0.2
"ServiceNow, Inc.",486,97,0.9979423868312757,0.00205761316872428,2473.0,0.19958847736625515
IBM Corporation,481,96,0.997920997920998,0.008316008316008316,10352.0,0.1995841995841996
"F5, Inc.",116,23,1.0,0.0,3029.0,0.19827586206896552
Persistent Systems Inc.,122,24,0.9016393442622951,0.01639344262295082,705.0,0.19672131147540983
Hewlett Packard Enterprise Company,285,56,0.9894736842105263,0.0,2066.0,0.19649122807017544
"WAL-MART ASSOCIATES, INC.",1564,307,0.9987212276214834,0.0012787723785166241,16037.0,0.19629156010230178
Stryker Corporation,51,10,0.9411764705882353,0.0,437.0,0.19607843137254902
"Samsung Electronics America, Inc.",82,16,1.0,0.0,845.0,0.1951219512195122
ACE American Insurance Company ,36,7,1.0,0.0,15000.0,0.19444444444444445
"Spotify USA, Inc.",103,20,1.0,0.0,3300.0,0.1941747572815534
"INTUITIVE SURGICAL OPERATIONS, INC",201,39,0.9900497512437811,0.0,5535.0,0.19402985074626866
"Capgemini America, Inc.",459,89,0.9956427015250545,0.017429193899782137,16331.0,0.19389978213507625
Safeway Inc. ,227,44,1.0,0.0,1451.0,0.19383259911894274
Pilot Travel Centers LLC,26,5,0.9615384615384616,0.0,1155.0,0.19230769230769232
RELANTO INC.,26,5,1.0,0.038461538461538464,5.0,0.19230769230769232
"athenahealth, Inc.",110,21,0.990909090909091,0.0,4566.0,0.19090909090909092
AECOM Technical Services Inc,84,16,0.9880952380952381,0.0,433.0,0.19047619047619047
The Options Clearing Corporation,42,8,1.0,0.0,288.0,0.19047619047619047
Freeport Minerals Corporation,37,7,1.0,0.32432432432432434,1374.0,0.1891891891891892
Cigna-Evernorth Services Inc.,212,40,0.9858490566037735,0.009433962264150943,1084.0,0.18867924528301888
Federal Express Corporation,101,19,0.9900990099009901,0.1485148514851485,25603.0,0.18811881188118812
Mastercard International Incorporated,240,45,1.0,0.058333333333333334,3907.0,0.1875
"Juniper Networks (US), Inc.",48,9,0.9583333333333334,0.0,1091.5,0.1875
"QUALYS, INC.",32,6,1.0,0.0,287.0,0.1875
Sirius XM Radio Inc.,59,11,1.0,0.0,370.0,0.1864406779661017
"SAP America, Inc.",86,16,1.0,0.023255813953488372,772.5,0.18604651162790697
"California Creative Solutions, Inc.",43,8,0.9534883720930233,0.0,206.0,0.18604651162790697
"Salesforce, Inc.",1290,239,0.9984496124031008,0.020155038759689922,34803.0,0.18527131782945735
"Align Technology, Inc.",81,15,0.9876543209876543,0.0,550.0,0.18518518518518517
"AUDIBLE, INC.",27,5,1.0,0.0,1601.0,0.18518518518518517
"MAST Technology Services, Inc.",27,5,1.0,0.0,30000.0,0.18518518518518517
Memorial Sloan Kettering Cancer Center ,27,5,1.0,0.0,10903.0,0.18518518518518517
"The Nielsen Company (US), LLC",27,5,1.0,0.037037037037037035,588.0,0.18518518518518517
"Analog Devices, Inc.",76,14,0.9736842105263158,0.0,694.0,0.18421052631578946
"Moody's Analytics, Inc.",76,14,1.0,0.0,813.0,0.18421052631578946
The Northern Trust Company,49,9,1.0,0.0,6057.0,0.1836734693877551
"ACTIVISION PUBLISHING, INC.",44,8,1.0,0.0,310.0,0.18181818181818182
Truist Bank,149,27,1.0,0.006711409395973154,3415.0,0.18120805369127516
HL Mando America Corporation,50,9,1.0,0.0,1159.5,0.18
Zensar Technologies Inc.,50,9,1.0,0.4,800.0,0.18
Bristol-Myers Squibb Company,78,14,0.9871794871794872,0.0,16000.0,0.1794871794871795
CNH Industrial America LLC,39,7,1.0,0.0,11769.0,0.1794871794871795
"Marqeta, Inc.",39,7,1.0,0.0,900.0,0.1794871794871795
"ModernaTX, Inc.",39,7,1.0,0.0,3817.0,0.1794871794871795
"Pinterest, Inc.",184,33,1.0,0.0,3110.0,0.1793478260869565
SMARTSHEET INC.,56,10,1.0,0.0,2604.0,0.17857142857142858
Cardlytics Inc.,28,5,1.0,0.0,450.0,0.17857142857142858
Hudson River Trading LLC,28,5,1.0,0.0,401.0,0.17857142857142858
"LexisNexis Risk Solutions FL, Inc.",28,5,1.0,0.0,163.0,0.17857142857142858
"Databricks, Inc.",225,40,0.9955555555555555,0.0044444444444444444,865.0,0.17777777777777778
"PayPal, Inc.",445,79,1.0,0.0,2545.0,0.17752808988764046
Computer Sciences Corporation,51,9,1.0,0.1568627450980392,292.0,0.17647058823529413
EMC Corporation,51,9,1.0,0.0196078431372549,16315.0,0.17647058823529413
"Motorola Solutions, Inc. ",51,9,1.0,0.0,2900.0,0.17647058823529413
"Mercedes-Benz Research & Development North America, Inc.",34,6,1.0,0.0,201.5,0.17647058823529413
Renesas Electronics America Inc. ,46,8,1.0,0.0,165.0,0.17391304347826086
Aptiv Corporation,87,15,0.9885057471264368,0.0,1430.0,0.1724137931034483
lululemon usa inc.,58,10,0.9827586206896551,0.0,319.0,0.1724137931034483
"Cohesity, Inc",35,6,1.0,0.0,1200.0,0.17142857142857143
GE Energy Management Services LLC,35,6,1.0,0.0,233.0,0.17142857142857143
FCA US LLC,41,7,1.0,0.0,57000.0,0.17073170731707318
"Proofpoint, Inc.",41,7,0.975609756097561,0.0,787.0,0.17073170731707318
Texas Instruments Incorporated,41,7,1.0,0.0,8873.0,0.17073170731707318
KLA Corporation,285,48,0.9964912280701754,0.0,671.0,0.16842105263157894
"Medtronic, Inc.",155,26,1.0,0.12903225806451613,33200.0,0.16774193548387098
Lam Research Corporation ,161,27,1.0,0.0,3530.0,0.16770186335403728
"Cisco Systems, Inc.",932,156,0.9978540772532188,0.003218884120171674,16216.0,0.16738197424892703
"EPAM Systems, Inc.",324,54,0.9969135802469136,0.0,3100.0,0.16666666666666666
The Vanguard Group,222,37,1.0,0.0,12500.0,0.16666666666666666
"Brillio, LLC",42,7,1.0,0.0,87.0,0.16666666666666666
"Arcadis U.S., Inc.",36,6,0.9722222222222222,0.0,120.0,0.16666666666666666
Navy Federal Credit Union,85,14,1.0,0.0,4800.0,0.16470588235294117
"Western Digital Technologies, Inc.",98,16,1.0,0.0,3800.0,0.16326530612244897
Eli Lilly and Company,49,8,1.0,0.0,23862.0,0.16326530612244897
Eaton Corporation,37,6,1.0,0.0,336.0,0.16216216216216217
"NC Health Affiliates, LLC",37,6,1.0,0.0,5421.0,0.16216216216216217
"TriNet USA, Inc.",37,6,1.0,0.0,293.0,0.16216216216216217
"Dexcom, Inc.",31,5,1.0,0.0,1182.0,0.16129032258064516
Microsoft Corporation,4840,780,0.9975206611570248,0.03615702479338843,77400.0,0.16115702479338842
"Zscaler, Inc.",81,13,1.0,0.0,729.0,0.16049382716049382
"ANSYS, Inc.",50,8,1.0,0.08,6200.0,0.16
Experian Information Solutions Inc.,50,8,1.0,0.0,347.0,0.16
Presbyterian Healthcare Services ,50,8,1.0,0.0,14000.0,0.16
"Peloton Interactive, Inc.",44,7,1.0,0.0,2238.0,0.1590909090909091
The Huntington National Bank,44,7,0.9772727272727273,0.022727272727272728,8230.0,0.1590909090909091
Snowflake Inc.,234,37,0.9957264957264957,0.004273504273504274,1254.0,0.1581196581196581
ILLUMINA,76,12,0.9868421052631579,0.0,3720.0,0.15789473684210525
"Roku, Inc.",76,12,1.0,0.0,1287.0,0.15789473684210525
"Western Union, LLC",38,6,1.0,0.0,903.5,0.15789473684210525
FMR LLC,960,151,0.9989583333333333,0.00625,8263.0,0.15729166666666666
"Cloud Software Group, Inc.",51,8,1.0,0.0,567.0,0.1568627450980392
"RIVIAN AUTOMOTIVE, LLC",383,60,1.0,0.0,2329.0,0.1566579634464752
"Ripple Labs, Inc.",32,5,1.0,0.0,310.0,0.15625
"Citizens Financial Group, Inc.",122,19,0.9836065573770492,0.0,4211.0,0.1557377049180328
"Continental Automotive Systems, Inc.",45,7,1.0,0.0,998.0,0.15555555555555556
"Samsung Semiconductor, Inc.",65,10,0.9692307692307692,0.0,4076.0,0.15384615384615385
"Duolingo, Inc.",52,8,1.0,0.038461538461538464,422.0,0.15384615384615385
Tractor Supply Company,39,6,1.0,0.0,51000.0,0.15384615384615385
CEPHEID,105,16,1.0,0.0,3800.0,0.1523809523809524
McKesson Corporation,46,7,1.0,0.0,2426.0,0.15217391304347827
City National Bank,33,5,1.0,0.0,1375.0,0.15151515151515152
eBay Inc.,357,54,0.9971988795518207,0.0,2261.0,0.15126050420168066
"Juniper Networks, Inc.",153,23,0.8169934640522876,0.0,1855.0,0.1503267973856209
Informatica LLC,80,12,1.0,0.0,1778.0,0.15
"NetApp, Inc.",67,10,1.0,0.0,962.0,0.14925373134328357
"STF PRO, LLC",67,10,0.8805970149253731,0.014925373134328358,2425.0,0.14925373134328357
"LexisNexis Risk Solutions, Inc.",47,7,1.0,0.0,1127.0,0.14893617021276595
The Guardian Life Insurance Company of America,34,5,1.0,0.0,638.0,0.14705882352941177
Archer Daniels Midland Company ,75,11,0.8533333333333334,0.0,984.0,0.14666666666666667
Genuine Parts Company,41,6,1.0,0.0,28000.0,0.14634146341463414
PTC Inc.,41,6,1.0,0.0,1049.0,0.14634146341463414
"Lucid USA, Inc.",281,41,0.99644128113879,0.12099644128113879,2496.0,0.14590747330960854
DEXPERTS INC.,48,7,0.9375,0.0625,158.0,0.14583333333333334
"Micron Technology, Inc. ",217,31,1.0,0.009216589861751152,5174.0,0.14285714285714285
"Insurance Services Office, Inc.",84,12,0.9761904761904762,0.0,2305.0,0.14285714285714285
"Red Hat, Inc.",56,8,1.0,0.0,1700.0,0.14285714285714285
"Envestnet Financial Technologies, Inc.",42,6,0.9285714285714286,0.0,380.0,0.14285714285714285
"Circle Internet Financial, LLC",35,5,1.0,0.0,86.0,0.14285714285714285
"Medidata Solutions, Inc.",35,5,1.0,0.0,533.0,0.14285714285714285
SL TENNESSEE LLC,35,5,1.0,0.0,1452.0,0.14285714285714285
"VMware, Inc.",225,32,1.0,0.0044444444444444444,4742.0,0.14222222222222222
"The MathWorks, Inc.",197,28,1.0,0.0,3455.0,0.14213197969543148
GRMORALES CONTRACTOR LLC,57,8,0.017543859649122806,0.8947368421052632,10.0,0.14035087719298245
"Blue Yonder, Inc.",43,6,1.0,0.023255813953488372,223.0,0.13953488372093023
"NAGARRO, INC",43,6,1.0,0.06976744186046512,381.0,0.13953488372093023
"Zillow, Inc.",94,13,1.0,0.0,6000.0,0.13829787234042554
Capital Group Companies Global,58,8,0.9655172413793104,0.0,2195.0,0.13793103448275862
Visa Technology & Operations LLC,276,38,1.0,0.0,1156.0,0.13768115942028986
Wipro Limited,523,72,1.0,0.09369024856596558,78.0,0.13766730401529637
SYNECHRON INC.,109,15,0.981651376146789,0.009174311926605505,1300.0,0.13761467889908258
Hughes Network Systems LLC,95,13,0.9894736842105263,0.0,1970.0,0.1368421052631579
"BURNS & MCDONNELL ENGINEERING COMPANY, INC.",66,9,0.9848484848484849,0.0,308.0,0.13636363636363635
"Environmental Systems Research Institute, Inc. (ESRI)",66,9,0.9242424242424242,0.0,2750.0,0.13636363636363635
Stanley Black & Decker Inc.,44,6,0.9772727272727273,0.0,2000.0,0.13636363636363635
"Charter Communications, Inc.",317,43,0.9936908517350158,0.0031545741324921135,6100.0,0.13564668769716087
"EARLY WARNING SERVICES, LLC",37,5,0.9459459459459459,0.0,874.0,0.13513513513513514
"Farmers Group, Inc.",37,5,1.0,0.0,1098.0,0.13513513513513514
WeRide Corp.,37,5,1.0,0.02702702702702703,133.0,0.13513513513513514
"Verizon Communications, Inc. and all its subsidiaries and affiliates",223,30,1.0,0.0,5733.0,0.13452914798206278
"Palo Alto Networks, Inc.",470,63,0.9936170212765958,0.0,3231.0,0.13404255319148936
"Equinix, Inc.",45,6,1.0,0.0,527.0,0.13333333333333333
Shopify (USA) Inc.,45,6,1.0,0.0,776.0,0.13333333333333333
Roblox Corporation,106,14,0.9811320754716981,0.0,2100.0,0.1320754716981132
Zoox Inc.,229,30,1.0,0.004366812227074236,1656.0,0.13100436681222707
"CVS Pharmacy, Inc. ",199,26,1.0,0.0,300000.0,0.1306532663316583
"Akamai Technologies, Inc.",116,15,1.0,0.0,1504.0,0.12931034482758622
Equifax Inc.,155,20,0.864516129032258,0.0,1471.0,0.12903225806451613
"OmniVision Technologies, Inc.",39,5,0.9487179487179487,0.0,478.0,0.1282051282051282
"Zions Bancorporation, N.A.",39,5,1.0,0.0,9800.0,0.1282051282051282
"Natera, Inc.",47,6,1.0,0.02127659574468085,520.0,0.1276595744680851
VAStek Inc.,47,6,1.0,0.02127659574468085,387.0,0.1276595744680851
"WarnerMedia Services, LLC",47,6,1.0,0.0,2202.0,0.1276595744680851
InterSystems Corporation,55,7,0.9818181818181818,0.0,900.0,0.12727272727272726
"Wells Fargo Bank, N.A. ",335,42,0.9880597014925373,0.0,25353.0,0.1253731343283582
"American Family Mutual Insurance Company, S.I.",64,8,1.0,0.015625,8100.0,0.125
"Wolters Kluwer United States, Inc.",64,8,1.0,0.0,199.0,0.125
Populus Group LLC,56,7,0.9821428571428571,0.0,5367.0,0.125
Avanade Inc.,48,6,1.0,0.0,102.5,0.125
DFS Corporate Services LLC,292,36,1.0,0.0,2298.0,0.1232876712328767
"GUIDEWIRE SOFTWARE, INC.",57,7,0.9824561403508771,0.0,426.0,0.12280701754385964
"BEST BUY CO., INC.",163,20,0.9815950920245399,0.0,80683.0,0.12269938650306748
"AT&T SERVICES, INC.",369,45,0.997289972899729,0.0027100271002710027,8413.0,0.12195121951219512
Caremark LLC,205,25,0.9951219512195122,0.0,300000.0,0.12195121951219512
The Depository Trust & Clearing Corporation,41,5,1.0,0.0,1061.0,0.12195121951219512
"Qualcomm Technologies, Inc.",93,11,0.978494623655914,0.0,8211.0,0.11827956989247312
Cruise LLC,127,15,0.9763779527559056,0.007874015748031496,2286.0,0.11811023622047244
"PHOTON INFOTECH, INC.",43,5,0.9534883720930233,0.0,130.0,0.11627906976744186
Zurich American Insurance Company,52,6,1.0,0.0,1874.0,0.11538461538461539
"Indeed, Inc.",150,17,1.0,0.0,891.0,0.11333333333333333
"Optum Services, Inc. ",275,31,0.9927272727272727,0.0,93646.0,0.11272727272727273
"Elevance Health, Inc.",107,12,1.0,0.009345794392523364,3320.0,0.11214953271028037
"DIRECTV, LLC",63,7,0.9841269841269841,0.0,1543.0,0.1111111111111111
CCC Intelligent Solutions Inc.,54,6,1.0,0.0,2000.0,0.1111111111111111
"Fiserv Solutions, LLC",146,16,1.0,0.0,491.0,0.1095890410958904
"BROADRIDGE FINANCIAL SOLUTIONS, INC.",55,6,1.0,0.0,1111.0,0.10909090909090909
Rockwell Collins Inc.,83,9,1.0,0.012048192771084338,6864.0,0.10843373493975904
Humana Inc.,167,18,1.0,0.0,9523.0,0.10778443113772455
FORD MOTOR COMPANY,130,14,1.0,0.007692307692307693,2130.0,0.1076923076923077
DISH Wireless L.L.C.,65,7,0.9846153846153847,0.0,1957.0,0.1076923076923077
"Jacobs Engineering Group, Inc.",84,9,0.9761904761904762,0.0,299.0,0.10714285714285714
"ST. JUDE MEDICAL, CARDIOLOGY DIVISION, INC.",56,6,1.0,0.0,636.0,0.10714285714285714
MediaTek USA Inc.,75,8,0.9866666666666667,0.0,648.0,0.10666666666666667
"ADP Technology Services, Inc. ",179,19,1.0,0.00558659217877095,1052.0,0.10614525139664804
"Delta Air Lines, Inc.",95,10,1.0,0.0,40969.0,0.10526315789473684
M&T Bank,57,6,1.0,0.0,4681.0,0.10526315789473684
Northwestern Mutual Life Insurance Company,96,10,0.9895833333333334,0.0,7775.0,0.10416666666666667
Hitachi Digital Services LLC,77,8,1.0,0.0,596.0,0.1038961038961039
APPLE INC.,1286,133,0.9968895800933126,0.0015552099533437014,44463.0,0.10342146189735614
GlobalLogic Inc.,167,17,1.0,0.011976047904191617,1774.0,0.10179640718562874
Goldman Sachs Services LLC,356,36,0.9971910112359551,0.0,866.0,0.10112359550561797
"Skyworks Solutions, Inc.",90,9,0.9777777777777777,0.0,426.0,0.1
TSMC Arizona Corporation,80,8,1.0,0.0,1542.0,0.1
"Intercontinental Exchange Holdings, Inc.",60,6,1.0,0.016666666666666666,1074.0,0.1
USAA Federal Savings Bank,60,6,1.0,0.0,4654.0,0.1
"Xilinx, Inc. ",81,8,1.0,0.0,1662.0,0.09876543209876543
"Comcast Cable Communications, LLC",399,39,1.0,0.0,31000.0,0.09774436090225563
"HCL America, Inc.",382,37,1.0,0.013089005235602094,1079.0,0.0968586387434555
Yahoo Holdings Inc.,148,14,1.0,0.0,292.0,0.0945945945945946
Paycom Payroll LLC,53,5,1.0,0.0,1250.0,0.09433962264150944
TikTok Inc.,340,32,1.0,0.05588235294117647,1344.0,0.09411764705882353
"Conduent Business Services, LLC",64,6,0.96875,0.5,2428.0,0.09375
Cardinal Health ,75,7,1.0,0.0,30000.0,0.09333333333333334
"FIS Management Services, LLC",86,8,1.0,0.0,1671.0,0.09302325581395349
LTIMindtree Limited,406,37,1.0,0.0024630541871921183,5800.0,0.09113300492610837
Robert Bosch LLC,77,7,1.0,0.0,1857.0,0.09090909090909091
"LOWE'S COMPANIES, INC.",167,15,1.0,0.0,6973.0,0.08982035928143713
UST Global Inc,90,8,1.0,0.011111111111111112,2040.0,0.08888888888888889
Caterpillar Inc.,169,15,1.0,0.0,2199.0,0.08875739644970414
COMPUNNEL SOFTWARE GROUP INC.,671,59,0.9433681073025335,0.010432190760059613,3000.0,0.08792846497764531
VIRTUSA CORPORATION,194,17,0.9845360824742269,0.23195876288659795,1794.0,0.08762886597938144
"Synopsys, Inc.",289,25,0.9930795847750865,0.01384083044982699,3347.0,0.08650519031141868
"T. Rowe Price Associates, Inc.",58,5,1.0,0.017241379310344827,5352.0,0.08620689655172414
TikTok U.S. Data Security Inc.,106,9,1.0,0.009433962264150943,632.0,0.08490566037735849
"Advanced Micro Devices, Inc.",367,31,0.9945504087193461,0.0027247956403269754,3517.0,0.08446866485013624
NVIDIA Corporation,1461,123,0.9315537303216974,0.028747433264887063,12004.0,0.08418891170431211
WSP USA Inc.,167,14,1.0,0.005988023952095809,190.0,0.08383233532934131
"Qualtrics, LLC",72,6,1.0,0.0,916.0,0.08333333333333333
"Nutanix, Inc.",133,11,1.0,0.0,1082.0,0.08270676691729323
"CSAA Insurance Services, Inc.",61,5,1.0,0.0,708.0,0.08196721311475409
ANTRA INC,112,9,1.0,0.008928571428571428,450.0,0.08035714285714286
"Workday, Inc.",225,18,0.9911111111111112,0.0,878.0,0.08
Health Care Service Corporation,75,6,1.0,0.0,24346.0,0.08
Bloomberg L.P.,594,47,1.0,0.0,11000.0,0.07912457912457913
ASM AMERICA INC.,102,8,1.0,0.00980392156862745,654.0,0.0784313725490196
Aetna Resources LLC,157,12,0.9936305732484076,0.0,300000.0,0.07643312101910828
"Perficient, Inc.",66,5,1.0,0.015151515151515152,291.0,0.07575757575757576
NOKIA OF AMERICA CORPORATION,161,12,1.0,0.006211180124223602,1044.0,0.07453416149068323
"Charles Schwab & Company, Inc.",257,19,1.0,0.0,4762.0,0.07392996108949416
United Services Automobile Association,163,12,0.9141104294478528,0.006134969325153374,11127.0,0.0736196319018405
MICROCHIP TECHNOLOGY,83,6,0.9879518072289156,0.0,1696.0,0.07228915662650602
Costco Wholesale Corporation,99,7,1.0,0.010101010101010102,7370.0,0.0707070707070707
Mphasis Corporation ,215,15,1.0,0.009302325581395349,875.0,0.06976744186046512
"Marvell Semiconductor, Inc. ",116,8,1.0,0.0,1860.0,0.06896551724137931
General Motors Company,179,12,0.994413407821229,0.0,34349.0,0.0670391061452514
"Oracle America, Inc.",1557,103,0.9993577392421323,0.0012845215157353885,3515.0,0.06615285806037251
"Luxoft USA, Inc. ",76,5,1.0,0.0,752.0,0.06578947368421052
"Meta Platforms, Inc.",576,36,0.9913194444444444,0.012152777777777778,21347.0,0.0625
CGI Technologies and Solutions Inc.,359,22,0.9972144846796658,0.0,1688.0,0.06128133704735376
Intel Corporation,1365,76,0.9992673992673993,0.002197802197802198,5926.0,0.05567765567765568
"Randstad Digital, LLC",182,10,1.0,0.0,94.0,0.054945054945054944
"Arm, Inc.",110,6,0.990909090909091,0.0,821.0,0.05454545454545454
University of Michigan,94,5,1.0,0.010638297872340425,63200.0,0.05319148936170213
"INTELLECTT, INC.",155,8,1.0,0.10967741935483871,552.0,0.05161290322580645
"Hexaware Technologies, Inc.",123,6,1.0,0.06504065040650407,1600.0,0.04878048780487805
CitiusTech Inc.,155,7,1.0,0.05806451612903226,650.0,0.04516129032258064
Concentrix CVG Customer Management Group Inc.,125,5,1.0,0.0,20000.0,0.04
"INFINITE COMPUTER SOLUTIONS, INC",136,5,0.9926470588235294,0.0,2340.0,0.03676470588235294
